model,scene,split,n,change_ratio,auc,f1_at_0.5,best_global_f1,best_global_tau,percube_oracle_pooled,percube_oracle_meancube
randla,009-2,test,61508,0.0,nan,0.0,0.0,0.5,0.0,nan
randla,009-3,test,56768,0.0042,0.856,0.0327,0.0349,0.48,0.1047,0.1047
randla,009-4,test,75073,0.004,0.7006,0.0005,0.0179,0.02,0.0225,0.0336
randla,009-5,test,59424,0.0088,0.7831,0.0448,0.05,0.36,0.0416,0.0827
randla,014-2,val,49660,0.0,nan,0.0,0.0,0.5,0.0,nan
randla,014-3,val,57898,0.0026,0.9599,0.0579,0.1439,0.94,0.1439,0.1439
randla,014-4,val,58069,0.0082,0.9791,0.1206,0.3201,0.92,0.3201,0.3201
randla,014-5,val,56295,0.011,0.9744,0.2977,0.3802,0.74,0.3965,0.4154
randla,017-2,test,101198,0.0,nan,0.0,0.0,0.5,0.0,nan
randla,017-3,test,99171,0.027,0.8113,0.1727,0.1946,0.2,0.3037,0.2428
randla,017-4,test,89170,0.0018,0.9303,0.0096,0.034,0.18,0.3712,0.3712
randla,017-5,test,98218,0.0036,0.8938,0.0886,0.1136,0.68,0.1597,0.1666
randla,018-2,test,198639,0.0,nan,0.0,0.0,0.5,0.0,nan
randla,018-3,test,202230,0.021,0.6978,0.0812,0.1447,0.1,0.2496,0.2414
randla,018-4,test,242224,0.0017,0.4656,0.0,0.0,0.5,0.0,0.0
randla,018-5,test,237330,0.0074,0.564,0.0,0.0096,0.02,0.0373,0.0443
randla,019-2,test,64889,0.0053,0.9393,0.0728,0.0922,0.9,0.1029,0.1029
randla,019-3,test,63654,0.0168,0.6655,0.0,0.0262,0.02,0.0964,0.0964
randla,019-4,test,63780,0.0034,0.9274,0.0586,0.0649,0.6,0.0488,0.0426
randla,019-5,test,72113,0.0163,0.8267,0.1017,0.1068,0.34,0.1371,0.1064
randla,020-2,val,135408,0.004,0.8547,0.03,0.0341,0.38,0.0405,0.0845
randla,020-3,val,132798,0.0356,0.7935,0.2572,0.3996,0.88,0.4899,0.4135
randla,020-4,val,150140,0.0585,0.8342,0.2899,0.3023,0.38,0.4984,0.4312
randla,023-2,test,208496,0.0051,0.7313,0.0258,0.0483,0.98,0.038,0.1015
randla,023-3,test,238419,0.0172,0.989,0.4641,0.702,0.98,0.4498,0.268
randla,023-4,test,247383,0.0188,0.9805,0.3192,0.5898,0.96,0.7004,0.7004
randla,023-5,test,266160,0.0445,0.9584,0.5279,0.5595,0.78,0.4703,0.4153
randla,026-2,test,85235,0.0,nan,0.0,0.0,0.5,0.0,nan
randla,026-3,test,72327,0.0021,0.9568,0.0555,0.0634,0.62,0.1,0.1
randla,026-4,test,77469,0.0065,0.8227,0.06,0.0631,0.54,0.1198,0.0674
randla,026-5,test,82172,0.0038,0.9513,0.0826,0.3897,0.94,0.3897,0.3897
randla,027-2,test,93230,0.0168,0.5493,0.0,0.0187,0.02,0.0194,0.0524
randla,027-3,test,90437,0.0113,0.9882,0.1889,0.6088,0.98,0.6088,0.6088
randla,027-4,test,100904,0.0061,0.9662,0.142,0.4901,0.96,0.4901,0.4901
randla,035-2,test,74934,0.01,0.9895,0.2148,0.5368,0.98,0.5368,0.5368
randla,035-3,test,102558,0.0718,0.97,0.6366,0.7093,0.84,0.7817,0.8345
randla,035-4,test,98422,0.0146,0.8729,0.2996,0.3117,0.56,0.497,0.5313
randla,035-5,test,103171,0.0694,0.9449,0.5513,0.7329,0.98,0.7896,0.6694
randla,036-2,test,167802,0.0055,0.4951,0.1695,0.3555,0.92,0.3569,0.368
randla,036-3,test,147814,0.007,0.998,0.4372,0.7381,0.94,0.7482,0.7482
randla,036-4,test,151218,0.0304,0.8982,0.4426,0.4565,0.6,0.449,0.4534
randla,036-5,test,155858,0.0339,0.7918,0.4548,0.5329,0.86,0.6085,0.5869
randla,039-2,test,154177,0.0061,0.945,0.1539,0.1539,0.5,0.3399,0.3399
randla,039-5,test,164569,0.0731,0.9003,0.4491,0.4497,0.62,0.5675,0.6212
randla,040-3,test,282613,0.0141,0.9091,0.2744,0.6122,0.96,0.4259,0.4075
randla,040-4,test,277978,0.0572,0.9063,0.4588,0.4955,0.8,0.5211,0.4668
randla,040-5,test,269900,0.0684,0.9238,0.4962,0.5564,0.82,0.5573,0.5924
randla,041-2,test,56643,0.0204,0.8304,0.1795,0.1883,0.42,0.1887,0.1887
randla,041-3,test,61573,0.0436,0.9943,0.4778,0.8478,0.98,0.8481,0.8481
randla,041-4,test,57601,0.0264,0.9823,0.3488,0.6601,0.96,0.6601,0.6601
randla,041-5,test,62375,0.094,0.96,0.6273,0.7176,0.9,0.7176,0.7176
randla,045-2,val,71612,0.0018,0.4343,0.0,0.0006,0.04,0.0013,0.0013
randla,045-3,val,73736,0.0009,0.9595,0.0129,0.0333,0.72,0.0516,0.0516
randla,045-4,val,78322,0.101,0.8861,0.5414,0.6256,0.88,0.5112,0.3542
randla,046-2,test,77971,0.0014,0.9195,0.0072,0.0205,0.08,0.0231,0.0343
randla,046-3,test,78579,0.0107,0.9484,0.2297,0.2593,0.64,0.391,0.391
randla,046-4,test,71061,0.0019,0.8376,0.0122,0.0151,0.28,0.0225,0.0225
randla,046-5,test,67519,0.0184,0.9345,0.2784,0.2961,0.6,0.2995,0.2428
randla,047-2,val,96643,0.0033,0.9697,0.0818,0.1251,0.78,0.4536,0.4536
randla,047-3,val,115977,0.0008,0.9239,0.0117,0.0134,0.58,0.0601,0.0601
randla,047-5,val,123115,0.0096,0.9259,0.1402,0.1641,0.84,0.1663,0.161
randla,048-2,val,210820,0.0019,0.6233,0.0012,0.0028,0.1,0.0062,0.0101
randla,048-3,val,218959,0.0028,0.1578,0.0027,0.0036,0.62,0.0036,0.0088
randla,048-4,val,230039,0.0031,0.409,0.0,0.0014,0.04,0.0079,0.0121
randla,048-5,val,226799,0.005,0.4463,0.0,0.0048,0.02,0.0131,0.0121
randla,049-2,test,148058,0.003,0.9348,0.0701,0.1031,0.92,0.1075,0.1241
randla,049-5,test,162691,0.0055,0.9798,0.2276,0.2769,0.72,0.6083,0.6083
randla,053-2,test,304383,0.0,nan,0.0,0.0,0.5,0.0,nan
randla,053-3,test,312314,0.0148,0.9706,0.3481,0.4965,0.9,0.5342,0.5342
randla,053-4,test,299755,0.028,0.9388,0.3731,0.4265,0.76,0.5473,0.5066
randla,053-5,test,301047,0.0318,0.9681,0.4433,0.5472,0.92,0.6256,0.6093
randla,055-2,test,92714,0.0041,0.9403,0.0788,0.0812,0.48,0.083,0.083
randla,055-4,test,85113,0.0049,0.8779,0.0694,0.0719,0.52,0.0604,0.0396
randla,055-5,test,87859,0.0093,0.9051,0.1522,0.1568,0.48,0.1136,0.0989
randla,059-3,val,127538,0.0045,0.941,0.0923,0.2367,0.94,0.2435,0.2435
randla,064-2,val,101898,0.0018,0.6599,0.0,0.0023,0.02,0.0052,0.0052
randla,064-3,val,95651,0.0291,0.9745,0.3686,0.7606,0.98,0.7752,0.7758
randla,064-4,val,92139,0.0069,0.5627,0.0,0.0021,0.02,0.0043,0.0482
randla,064-5,val,111671,0.033,0.9627,0.3792,0.6235,0.96,0.6386,0.5437
randla,065-2,test,54020,0.0004,0.2722,0.0,0.0,0.5,0.0,0.0
randla,065-3,test,58220,0.0078,0.8484,0.0,0.0521,0.02,0.058,0.058
randla,065-4,test,56762,0.0011,0.1703,0.0,0.0,0.5,0.0,0.0
randla,065-5,test,56343,0.0086,0.9114,0.191,0.2441,0.82,0.2441,0.2441
randla,067-2,test,160533,0.0,nan,0.0,0.0,0.5,0.0,nan
randla,067-4,test,169239,0.0191,0.9558,0.2704,0.4689,0.98,0.2893,0.2523
randla,067-5,test,194913,0.0163,0.9656,0.2734,0.5141,0.98,0.5119,0.3187
randla,068-2,val,105643,0.0028,0.9429,0.0,0.099,0.26,0.1838,0.1838
randla,068-3,val,111731,0.0005,0.9896,0.0468,0.0572,0.68,0.0935,0.0935
randla,068-4,val,114099,0.0033,0.9001,0.126,0.3303,0.88,0.0234,0.2392
randla,068-5,val,118999,0.0057,0.9387,0.2183,0.2477,0.64,0.2546,0.2672
randla,071-2,test,316378,0.0091,0.9139,0.1161,0.2725,0.96,0.1808,0.2201
randla,071-3,test,324895,0.0015,0.7337,0.0042,0.0069,0.02,0.0304,0.0662
randla,071-4,test,310519,0.047,0.9362,0.4512,0.5748,0.9,0.5176,0.5151
randla,071-5,test,319535,0.0437,0.9115,0.3895,0.5466,0.96,0.6036,0.5341
randla,076-2,val,73647,0.0093,0.7511,0.055,0.0772,0.88,0.2018,0.2018
randla,076-3,val,73100,0.0074,0.9552,0.0744,0.1862,0.98,0.2315,0.2315
randla,076-5,val,100023,0.0203,0.8349,0.2305,0.488,0.88,0.3774,0.3903
randla,083-2,val,123545,0.0,0.9281,0.0,0.001,0.46,0.0096,0.0096
randla,083-3,val,136060,0.0159,0.9775,0.2182,0.5355,0.98,0.55,0.5364
randla,083-4,val,121555,0.0088,0.9404,0.1145,0.3063,0.96,0.3486,0.3494
randla,083-5,val,119507,0.0244,0.9348,0.2406,0.4692,0.98,0.6295,0.464
randla,085-2,test,93259,0.0028,0.9621,0.0581,0.1418,0.9,0.1476,0.2506
randla,085-3,test,100300,0.0201,0.9286,0.227,0.5184,0.98,0.5742,0.5742
randla,085-4,test,104322,0.3033,0.9707,0.7837,0.8481,0.14,0.8825,0.8912
randla,085-5,test,117449,0.2596,0.9656,0.8345,0.8401,0.38,0.8502,0.8556
randla,106-2,test,66904,0.0342,0.7092,0.0278,0.1058,0.02,0.1059,0.1043
randla,106-3,test,70965,0.0268,0.756,0.0635,0.1043,0.04,0.1124,0.1468
randla,106-4,test,75155,0.029,0.6278,0.0287,0.0444,0.02,0.0361,0.0588
randla,106-5,test,67337,0.049,0.7157,0.0854,0.1559,0.02,0.1636,0.1946
randla,111-2,test,102272,0.0,nan,0.0,0.0,0.5,0.0,nan
randla,111-3,test,104394,0.0194,0.9968,0.2885,0.812,0.98,0.8125,0.8146
randla,111-4,test,103645,0.0208,0.9662,0.3338,0.6049,0.94,0.6042,0.4899
randla,111-5,test,128537,0.0296,0.9806,0.4461,0.7021,0.96,0.7021,0.714
randla,115-3,val,122885,0.0042,0.9281,0.0926,0.1222,0.8,0.1652,0.1645
randla,115-4,val,106744,0.0052,0.7204,0.0567,0.0651,0.72,0.0659,0.0659
randla,115-5,val,126310,0.0035,0.5856,0.0,0.0169,0.14,0.0318,0.0308
randla,119-2,test,79312,0.0011,0.8217,0.0073,0.0114,0.28,0.0154,0.0756
randla,119-3,test,72622,0.0123,0.9152,0.1024,0.1539,0.28,0.1584,0.1584
randla,119-4,test,77498,0.0304,0.9376,0.3618,0.4606,0.8,0.4626,0.4626
randla,119-5,test,77915,0.0447,0.9311,0.4794,0.4892,0.56,0.416,0.1369
randla,120-2,test,135502,0.0068,0.7654,0.0065,0.0267,0.02,0.0777,0.0777
randla,120-3,test,131968,0.0121,0.9931,0.3503,0.7097,0.96,0.7264,0.6499
randla,120-4,test,151062,0.0204,0.8753,0.2184,0.234,0.36,0.3299,0.3665
randla,120-5,test,135797,0.0378,0.8863,0.3353,0.3611,0.34,0.3966,0.396
randla,123-2,test,62346,0.0001,0.8676,0.0018,0.0019,0.52,0.0034,0.0034
randla,123-3,test,64323,0.0048,0.9863,0.0648,0.4777,0.98,0.6404,0.6404
randla,123-4,test,64036,0.0142,0.7381,0.1378,0.2559,0.92,0.1094,0.2199
randla,123-5,test,62612,0.0158,0.8942,0.2195,0.4491,0.96,0.1559,0.3705
randla,133-2,val,47343,0.0362,0.727,0.1281,0.1386,0.6,0.1424,0.1424
randla,133-3,val,49070,0.0061,0.4796,0.0,0.0059,0.02,0.008,0.008
randla,133-4,val,35336,0.0445,0.7503,0.0251,0.139,0.02,0.239,0.239
randla,133-5,val,48435,0.0831,0.7496,0.1163,0.2458,0.02,0.2618,0.2618
randla,140-2,val,75761,0.0,nan,0.0,0.0,0.5,0.0,nan
randla,140-3,val,90049,0.0011,0.0591,0.0,0.0,0.5,0.0,0.0
randla,147-2,test,95182,0.0141,0.6833,0.0147,0.0481,0.06,0.0431,0.0525
randla,147-3,test,120938,0.015,0.9266,0.1944,0.2251,0.72,0.222,0.3634
randla,147-4,test,104749,0.0379,0.847,0.3617,0.4101,0.3,0.4181,0.3213
randla,147-5,test,112934,0.018,0.6694,0.1346,0.1374,0.48,0.2079,0.126
randla,148-2,test,67936,0.0009,0.9593,0.0252,0.0361,0.72,0.0361,0.0361
randla,148-3,test,82277,0.0007,0.9139,0.0089,0.01,0.54,0.01,0.01
randla,148-4,test,85006,0.0132,0.9847,0.2249,0.687,0.94,0.687,0.687
randla,148-5,test,77488,0.0194,0.9495,0.276,0.4954,0.8,0.4954,0.4954
randla,151-2,test,122036,0.0195,0.8692,0.2491,0.2953,0.7,0.387,0.387
randla,151-3,test,128829,0.0007,0.8768,0.0067,0.0078,0.56,0.0308,0.0308
randla,151-4,test,128972,0.0028,0.9892,0.1444,0.2804,0.76,0.5175,0.5175
randla,151-5,test,136546,0.02,0.8335,0.1768,0.1871,0.54,0.2519,0.2911
randla,152-2,test,101059,0.0056,0.8348,0.0232,0.0362,0.06,0.0508,0.0508
randla,152-3,test,104503,0.0072,0.7413,0.0,0.0393,0.06,0.0391,0.1019
randla,152-4,test,96662,0.0176,0.9179,0.0874,0.2,0.28,0.2185,0.2373
randla,152-5,test,104491,0.0265,0.889,0.1433,0.2097,0.2,0.225,0.2206
randla,153-4,test,75291,0.01,0.8561,0.0493,0.1521,0.98,0.2776,0.262
randla,153-5,test,90440,0.0345,0.9007,0.2812,0.2975,0.64,0.3105,0.3084
randla,154-2,val,121454,0.0017,0.7898,0.0,0.0106,0.04,0.2158,0.2158
randla,154-3,val,149699,0.0015,0.9151,0.0152,0.0217,0.3,0.038,0.038
randla,154-4,val,121666,0.0144,0.8779,0.0625,0.1246,0.18,0.3634,0.3634
randla,154-5,val,155796,0.0107,0.9245,0.1201,0.1411,0.36,0.1218,0.1358
randla,172-2,val,52535,0.0,nan,0.0,0.0,0.5,0.0,nan
randla,172-3,val,64673,0.0181,0.8989,0.1709,0.273,0.88,0.2527,0.29
randla,172-4,val,66296,0.0614,0.9665,0.5689,0.6132,0.76,0.6159,0.5673
randla,172-5,val,64764,0.0731,0.9617,0.5701,0.6465,0.86,0.6783,0.683
randla,175-2,test,64969,0.0062,0.8299,0.0048,0.0397,0.08,0.0404,0.0404
randla,175-3,test,73915,0.0079,0.9989,0.1451,0.5548,0.98,0.5548,0.5548
randla,175-4,test,75080,0.0441,0.9666,0.399,0.5831,0.94,0.5831,0.5831
randla,177-2,test,31647,0.0018,0.7838,0.0,0.0011,0.06,0.0012,0.0012
randla,177-3,test,36990,0.0057,0.887,0.0965,0.1071,0.54,0.1071,0.1071
randla,177-4,test,38872,0.0042,0.8752,0.1146,0.1484,0.4,0.1612,0.1612
randla,177-5,test,43632,0.0079,0.9394,0.1443,0.1639,0.64,0.1697,0.1697
randla,178-2,val,94207,0.0147,0.7109,0.0265,0.0719,0.1,0.0889,0.1208
randla,178-3,val,94285,0.0039,0.9269,0.0281,0.0617,0.24,0.1809,0.1809
randla,178-4,val,90476,0.0235,0.8083,0.293,0.2959,0.34,0.2169,0.1504
randla,178-5,val,91002,0.0414,0.9195,0.4564,0.4953,0.64,0.3731,0.3066
randla,183-2,val,64107,0.0006,0.9855,0.0156,0.0955,0.94,0.0982,0.0982
randla,183-3,val,81072,0.0142,0.9079,0.1489,0.4557,0.98,0.4567,0.4567
randla,183-4,val,70055,0.0169,0.768,0.0293,0.0892,0.04,0.1126,0.1126
randla,183-5,val,79649,0.0223,0.9241,0.2249,0.2404,0.94,0.1693,0.1431
randla,187-2,val,75403,0.0155,0.9016,0.308,0.308,0.5,0.3732,0.3836
randla,187-3,val,76320,0.0061,0.9722,0.1576,0.2854,0.92,0.2854,0.2854
randla,187-4,val,64839,0.0212,0.8727,0.1487,0.2246,0.14,0.2265,0.2265
randla,187-5,val,80597,0.0186,0.9406,0.139,0.2825,0.06,0.2801,0.1873
randla,189-2,val,102100,0.0081,0.9383,0.0,0.137,0.08,0.2284,0.2284
randla,189-3,val,104340,0.005,0.9992,0.3023,0.8185,0.98,0.8185,0.8185
randla,189-4,val,98152,0.0077,0.9576,0.4402,0.4701,0.66,0.1336,0.2633
randla,189-5,val,113111,0.0176,0.9845,0.6161,0.6652,0.74,0.6889,0.7086
randla,190-2,test,228897,0.0059,0.6147,0.1734,0.2002,0.72,0.3873,0.2946
randla,190-3,test,219197,0.0141,0.9771,0.6109,0.8439,0.9,0.8933,0.8884
randla,190-4,test,258749,0.2217,0.7039,0.238,0.4741,0.02,0.6338,0.59
randla,190-5,test,230686,0.2322,0.7359,0.3435,0.5428,0.02,0.6748,0.46
randla,191-2,test,95762,0.003,0.9959,0.2312,0.4763,0.72,0.4763,0.4763
randla,191-3,test,108006,0.001,0.8653,0.0021,0.0107,0.16,0.0115,0.0115
randla,191-4,test,103067,0.011,0.9361,0.2726,0.4427,0.78,0.4462,0.4462
randla,191-5,test,119644,0.005,0.9668,0.0512,0.1729,0.96,0.1739,0.1739
randla,196-2,test,70429,0.0,nan,0.0,0.0,0.5,0.0,nan
randla,196-3,test,82246,0.0269,0.9802,0.3727,0.5411,0.98,0.5411,0.5411
randla,196-4,test,79011,0.0388,0.9246,0.3593,0.3598,0.54,0.366,0.366
randla,196-5,test,103000,0.0617,0.9514,0.4687,0.5509,0.86,0.5519,0.5519
randla,197-2,test,103902,0.0003,0.7811,0.0,0.0018,0.02,0.0027,0.0027
randla,197-3,test,98673,0.0027,0.9974,0.23,0.6597,0.92,0.6597,0.6597
randla,197-4,test,96762,0.0104,0.9128,0.2782,0.4455,0.92,0.4476,0.4476
randla,197-5,test,122383,0.0139,0.938,0.3315,0.5493,0.88,0.5493,0.5493
randla,198-3,test,145104,0.0729,0.8272,0.4304,0.49,0.82,0.5494,0.553
randla,198-4,test,164533,0.1131,0.8768,0.589,0.6039,0.78,0.6252,0.3786
randla,198-5,test,158470,0.1394,0.9465,0.6967,0.7047,0.34,0.7132,0.7125
randla,202-2,val,110347,0.0129,0.7928,0.0545,0.0693,0.1,0.1019,0.1019
randla,202-3,val,104028,0.0021,0.9813,0.1011,0.2079,0.74,0.2126,0.2126
randla,202-4,val,109424,0.0684,0.8756,0.3575,0.3923,0.28,0.3975,0.3975
randla,202-5,val,94786,0.0817,0.9189,0.5163,0.5282,0.22,0.5436,0.5011
randla,211-2,val,93055,0.0024,0.944,0.0529,0.1075,0.74,0.1008,0.1379
randla,211-3,val,85773,0.0,nan,0.0,0.0,0.5,0.0,nan
randla,211-4,val,87637,0.0033,0.9903,0.1148,0.3078,0.84,0.6079,0.6079
randla,211-5,val,94849,0.0056,0.9626,0.1382,0.2695,0.86,0.2239,0.2759
randla,212-2,test,105349,0.0116,0.9366,0.2133,0.3058,0.94,0.3321,0.321
randla,212-3,test,95165,0.0008,0.9979,0.0548,0.3343,0.96,0.3343,0.3343
randla,212-4,test,106672,0.0024,0.882,0.0066,0.024,0.12,0.0519,0.0519
randla,212-5,test,107577,0.0137,0.9243,0.3013,0.4043,0.88,0.4196,0.3053
randla,216-2,test,64436,0.0025,0.9342,0.0,0.0527,0.06,0.0527,0.0527
randla,216-3,test,61493,0.0021,0.9829,0.2262,0.4454,0.76,0.4454,0.4454
randla,216-4,test,65652,0.0011,0.8885,0.0,0.0135,0.02,0.0145,0.0145
randla,216-5,test,66564,0.0033,0.9451,0.0254,0.0695,0.08,0.078,0.078
randla,218-2,test,102100,0.0013,0.9706,0.0563,0.067,0.44,0.086,0.086
randla,218-3,test,104340,0.0045,0.9974,0.2915,0.6056,0.96,0.6056,0.6056
randla,218-4,test,98152,0.0084,0.966,0.397,0.7068,0.88,0.1595,0.3657
randla,218-5,test,113112,0.0137,0.9913,0.478,0.7072,0.9,0.7072,0.7048
randla,220-2,val,68027,0.0,nan,0.0,0.0,0.5,0.0,nan
randla,220-3,val,63876,0.0134,0.9512,0.2546,0.6826,0.88,0.6826,0.6826
randla,220-4,val,79747,0.0619,0.9679,0.4776,0.6791,0.96,0.7312,0.6675
randla,220-5,val,80416,0.0768,0.9739,0.5315,0.6972,0.9,0.6957,0.7444
randla,221-2,test,111301,0.0005,0.884,0.0,0.0056,0.02,0.0139,0.0139
randla,221-3,test,125072,0.0019,0.9937,0.2079,0.2923,0.68,0.6502,0.6502
randla,221-4,test,114725,0.0066,0.9953,0.3208,0.5446,0.94,0.549,0.549
randla,221-5,test,132061,0.009,0.9948,0.4042,0.6255,0.88,0.61,0.5487
randla,222-2,test,126364,0.0012,0.8495,0.0,0.0092,0.02,0.0113,0.0113
randla,222-3,test,123892,0.0015,0.9937,0.0348,0.3118,0.98,0.8085,0.8085
randla,222-4,test,140447,0.0075,0.9056,0.1708,0.4055,0.96,0.0994,0.3373
randla,222-5,test,143030,0.0059,0.9784,0.1502,0.409,0.96,0.2114,0.3529
randla,227-2,test,44010,0.0207,0.6345,0.1095,0.1677,0.32,0.1677,0.1677
randla,227-3,test,59217,0.0659,0.6897,0.5379,0.5693,0.74,0.605,0.498
randla,227-4,test,73766,0.0917,0.9124,0.5422,0.5571,0.58,0.6485,0.7816
randla,227-5,test,75512,0.1399,0.7958,0.5227,0.5604,0.74,0.6104,0.5147
randla,POOLED,val,7763592,0.0154,0.8873,0.2126,0.3165,0.94,,
randla,POOLED,test,19245754,0.0285,0.864,0.3348,0.4072,0.88,,
siamese_kpconv,009-2,test,61508,0.0,nan,0.0,0.0,0.5,0.0,nan
siamese_kpconv,009-3,test,56768,0.0042,0.9117,0.0161,0.0546,0.66,0.2075,0.2075
siamese_kpconv,009-4,test,75073,0.004,0.2774,0.0008,0.0099,0.32,0.0138,0.0136
siamese_kpconv,009-5,test,59424,0.0088,0.8415,0.0296,0.0817,0.66,0.0825,0.1143
siamese_kpconv,014-2,val,49660,0.0,nan,0.0,0.0,0.5,0.0,nan
siamese_kpconv,014-3,val,57898,0.0026,0.8199,0.0098,0.0253,0.64,0.1337,0.1337
siamese_kpconv,014-4,val,58069,0.0082,0.7032,0.029,0.037,0.66,0.2099,0.2099
siamese_kpconv,014-5,val,56295,0.011,0.6497,0.0267,0.0406,0.72,0.0882,0.1283
siamese_kpconv,017-2,test,101198,0.0,nan,0.0,0.0,0.5,0.0,nan
siamese_kpconv,017-3,test,99171,0.027,0.4413,0.0553,0.0642,0.44,0.1499,0.1086
siamese_kpconv,017-4,test,89170,0.0018,0.8034,0.0059,0.0134,0.66,0.5137,0.5137
siamese_kpconv,017-5,test,98218,0.0036,0.3989,0.0054,0.0081,0.7,0.0128,0.0996
siamese_kpconv,018-2,test,198639,0.0,nan,0.0,0.0,0.5,0.0,nan
siamese_kpconv,018-3,test,202230,0.021,0.6719,0.0659,0.0733,0.58,0.3562,0.3555
siamese_kpconv,018-4,test,242224,0.0017,0.3502,0.0019,0.0038,0.3,0.0429,0.0429
siamese_kpconv,018-5,test,237330,0.0074,0.4483,0.0122,0.015,0.72,0.0797,0.1653
siamese_kpconv,019-2,test,64889,0.0053,0.6657,0.0192,0.0248,0.56,0.1452,0.1452
siamese_kpconv,019-3,test,63654,0.0168,0.4975,0.0295,0.0379,0.4,0.1538,0.1538
siamese_kpconv,019-4,test,63780,0.0034,0.6822,0.0132,0.0148,0.52,0.0101,0.0486
siamese_kpconv,019-5,test,72113,0.0163,0.4819,0.0282,0.0352,0.38,0.0505,0.0854
siamese_kpconv,020-2,val,135408,0.004,0.2625,0.0,0.0085,0.26,0.019,0.019
siamese_kpconv,020-3,val,132798,0.0356,0.7964,0.1253,0.1981,0.64,0.4742,0.4809
siamese_kpconv,020-4,val,150140,0.0585,0.6231,0.1473,0.2127,0.66,0.4534,0.3753
siamese_kpconv,023-2,test,208496,0.0051,0.7111,0.0191,0.0218,0.56,0.121,0.1271
siamese_kpconv,023-3,test,238419,0.0172,0.8305,0.0552,0.1209,0.84,0.2046,0.324
siamese_kpconv,023-4,test,247383,0.0188,0.7742,0.0607,0.1207,0.86,0.5421,0.5421
siamese_kpconv,023-5,test,266160,0.0445,0.6307,0.1136,0.1221,0.58,0.3457,0.2929
siamese_kpconv,026-2,test,85235,0.0,nan,0.0,0.0,0.5,0.0,nan
siamese_kpconv,026-3,test,72327,0.0021,0.6016,0.0065,0.0073,0.48,0.0155,0.0155
siamese_kpconv,026-4,test,77469,0.0065,0.6131,0.0174,0.0228,0.58,0.0899,0.0559
siamese_kpconv,026-5,test,82172,0.0038,0.7074,0.013,0.0157,0.58,0.1148,0.1148
siamese_kpconv,027-2,test,93230,0.0168,0.905,0.047,0.2529,0.76,0.2514,0.286
siamese_kpconv,027-3,test,90437,0.0113,0.9795,0.0293,0.6136,0.78,0.7044,0.7044
siamese_kpconv,027-4,test,100904,0.0061,0.8047,0.0207,0.1515,0.78,0.4079,0.4079
siamese_kpconv,035-2,test,74934,0.01,0.7406,0.0511,0.0513,0.54,0.6338,0.6338
siamese_kpconv,035-3,test,102558,0.0718,0.7958,0.2561,0.3683,0.8,0.7237,0.7801
siamese_kpconv,035-4,test,98422,0.0146,0.6461,0.0413,0.1064,0.86,0.1663,0.3238
siamese_kpconv,035-5,test,103171,0.0694,0.7081,0.2148,0.2467,0.6,0.4497,0.3867
siamese_kpconv,036-2,test,167802,0.0055,0.6393,0.0163,0.0193,0.6,0.2433,0.3336
siamese_kpconv,036-3,test,147814,0.007,0.9316,0.0189,0.1331,0.9,0.8502,0.8502
siamese_kpconv,036-4,test,151218,0.0304,0.7281,0.0734,0.126,0.72,0.4712,0.6603
siamese_kpconv,036-5,test,155858,0.0339,0.6596,0.0709,0.192,0.84,0.6174,0.6449
siamese_kpconv,039-2,test,154177,0.0061,0.3088,0.0087,0.0131,0.38,0.1224,0.1224
siamese_kpconv,039-5,test,164569,0.0731,0.5526,0.1523,0.1627,0.64,0.4421,0.5499
siamese_kpconv,040-3,test,282613,0.0141,0.6357,0.0391,0.0483,0.7,0.1647,0.3254
siamese_kpconv,040-4,test,277978,0.0572,0.4889,0.1022,0.1173,0.34,0.4266,0.4496
siamese_kpconv,040-5,test,269900,0.0684,0.6103,0.1471,0.1812,0.68,0.532,0.5862
siamese_kpconv,041-2,test,56643,0.0204,0.833,0.0998,0.2085,0.58,0.3332,0.3332
siamese_kpconv,041-3,test,61573,0.0436,0.8829,0.1721,0.5087,0.8,0.6626,0.6626
siamese_kpconv,041-4,test,57601,0.0264,0.9372,0.1831,0.496,0.64,0.6309,0.6309
siamese_kpconv,041-5,test,62375,0.094,0.9061,0.4131,0.5808,0.6,0.7013,0.7013
siamese_kpconv,045-2,val,71612,0.0018,0.7804,0.0077,0.0142,0.58,0.0498,0.0498
siamese_kpconv,045-3,val,73736,0.0009,0.9409,0.0045,0.0226,0.72,0.2679,0.2679
siamese_kpconv,045-4,val,78322,0.101,0.8145,0.2876,0.4277,0.66,0.5896,0.3596
siamese_kpconv,046-2,test,77971,0.0014,0.379,0.0026,0.0035,0.44,0.0043,0.0431
siamese_kpconv,046-3,test,78579,0.0107,0.6936,0.0299,0.0431,0.76,0.5961,0.5961
siamese_kpconv,046-4,test,71061,0.0019,0.2884,0.0024,0.0039,0.32,0.0083,0.0083
siamese_kpconv,046-5,test,67519,0.0184,0.6548,0.0498,0.0726,0.82,0.1759,0.2939
siamese_kpconv,047-2,val,96643,0.0033,0.0453,0.0,0.0067,0.18,0.0307,0.0307
siamese_kpconv,047-3,val,115977,0.0008,0.7466,0.0026,0.004,0.68,0.1372,0.1372
siamese_kpconv,047-5,val,123115,0.0096,0.4927,0.0169,0.052,0.78,0.0562,0.1821
siamese_kpconv,048-2,val,210820,0.0019,0.5334,0.0051,0.0055,0.54,0.0225,0.0243
siamese_kpconv,048-3,val,218959,0.0028,0.4058,0.0047,0.0066,0.36,0.0233,0.0324
siamese_kpconv,048-4,val,230039,0.0031,0.8077,0.0084,0.0218,0.7,0.0675,0.0479
siamese_kpconv,048-5,val,226799,0.005,0.5375,0.0113,0.0118,0.52,0.0172,0.0183
siamese_kpconv,049-2,test,148058,0.003,0.4799,0.0039,0.0076,0.32,0.0905,0.0872
siamese_kpconv,049-5,test,162691,0.0055,0.8406,0.0218,0.0527,0.72,0.6516,0.6516
siamese_kpconv,053-2,test,304383,0.0,nan,0.0,0.0,0.5,0.0,nan
siamese_kpconv,053-3,test,312314,0.0148,0.9332,0.0452,0.3339,0.78,0.6139,0.6139
siamese_kpconv,053-4,test,299755,0.028,0.8812,0.0851,0.4373,0.8,0.576,0.5401
siamese_kpconv,053-5,test,301047,0.0318,0.9188,0.0967,0.44,0.78,0.6564,0.6319
siamese_kpconv,055-2,test,92714,0.0041,0.4316,0.0084,0.0106,0.42,0.0189,0.0189
siamese_kpconv,055-4,test,85113,0.0049,0.4229,0.0105,0.0106,0.46,0.0187,0.0144
siamese_kpconv,055-5,test,87859,0.0093,0.311,0.0108,0.0184,0.18,0.0335,0.0296
siamese_kpconv,059-3,val,127538,0.0045,0.5956,0.0125,0.0144,0.56,0.2675,0.2675
siamese_kpconv,064-2,val,101898,0.0018,0.376,0.0,0.0041,0.28,0.0341,0.0341
siamese_kpconv,064-3,val,95651,0.0291,0.8693,0.0991,0.5842,0.84,0.8026,0.8009
siamese_kpconv,064-4,val,92139,0.0069,0.7437,0.026,0.5846,0.92,0.0508,0.3518
siamese_kpconv,064-5,val,111671,0.033,0.8886,0.159,0.4324,0.9,0.6564,0.6937
siamese_kpconv,065-2,test,54020,0.0004,0.3624,0.001,0.0011,0.58,0.0011,0.0011
siamese_kpconv,065-3,test,58220,0.0078,0.9241,0.022,0.3747,0.84,0.5697,0.5697
siamese_kpconv,065-4,test,56762,0.0011,0.6725,0.003,0.0044,0.64,0.0054,0.0054
siamese_kpconv,065-5,test,56343,0.0086,0.9259,0.0239,0.4126,0.86,0.4428,0.4428
siamese_kpconv,067-2,test,160533,0.0,nan,0.0,0.0,0.5,0.0,nan
siamese_kpconv,067-4,test,169239,0.0191,0.641,0.0551,0.0554,0.64,0.0878,0.2101
siamese_kpconv,067-5,test,194913,0.0163,0.6168,0.0419,0.0561,0.72,0.4909,0.3451
siamese_kpconv,068-2,val,105643,0.0028,0.3193,0.0033,0.006,0.36,0.0567,0.0567
siamese_kpconv,068-3,val,111731,0.0005,0.6923,0.0016,0.0029,0.76,0.1159,0.1159
siamese_kpconv,068-4,val,114099,0.0033,0.4667,0.0082,0.0085,0.48,0.0358,0.0528
siamese_kpconv,068-5,val,118999,0.0057,0.4513,0.0125,0.0137,0.46,0.0821,0.0817
siamese_kpconv,071-2,test,316378,0.0091,0.5017,0.0166,0.0261,0.72,0.0776,0.1999
siamese_kpconv,071-3,test,324895,0.0015,0.8416,0.0044,0.0132,0.78,0.0286,0.1938
siamese_kpconv,071-4,test,310519,0.047,0.7377,0.1203,0.1796,0.72,0.4861,0.5259
siamese_kpconv,071-5,test,319535,0.0437,0.6874,0.1,0.1599,0.86,0.4552,0.4492
siamese_kpconv,076-2,val,73647,0.0093,0.5228,0.0185,0.048,0.8,0.3159,0.3159
siamese_kpconv,076-3,val,73100,0.0074,0.3222,0.0134,0.0154,0.36,0.1595,0.1595
siamese_kpconv,076-5,val,100023,0.0203,0.61,0.0552,0.0602,0.7,0.5043,0.4911
siamese_kpconv,083-2,val,123545,0.0,0.677,0.0002,0.0002,0.5,0.002,0.002
siamese_kpconv,083-3,val,136060,0.0159,0.8393,0.0592,0.1542,0.76,0.2045,0.2228
siamese_kpconv,083-4,val,121555,0.0088,0.7141,0.0283,0.1365,0.76,0.205,0.209
siamese_kpconv,083-5,val,119507,0.0244,0.8072,0.087,0.1619,0.7,0.264,0.2393
siamese_kpconv,085-2,test,93259,0.0028,0.6123,0.0093,0.0164,0.82,0.0063,0.0444
siamese_kpconv,085-3,test,100300,0.0201,0.91,0.0703,0.4245,0.9,0.5647,0.5647
siamese_kpconv,085-4,test,104322,0.3033,0.7559,0.6234,0.6234,0.5,0.8162,0.815
siamese_kpconv,085-5,test,117449,0.2596,0.7831,0.5275,0.5411,0.56,0.7603,0.7517
siamese_kpconv,106-2,test,66904,0.0342,0.8064,0.0934,0.2475,0.72,0.2715,0.281
siamese_kpconv,106-3,test,70965,0.0268,0.7281,0.0676,0.1313,0.68,0.1606,0.2037
siamese_kpconv,106-4,test,75155,0.029,0.7021,0.0871,0.1455,0.62,0.1206,0.1691
siamese_kpconv,106-5,test,67337,0.049,0.7496,0.1319,0.1969,0.64,0.2567,0.2913
siamese_kpconv,111-2,test,102272,0.0,nan,0.0,0.0,0.5,0.0,nan
siamese_kpconv,111-3,test,104394,0.0194,0.8733,0.0802,0.2012,0.72,0.5056,0.5456
siamese_kpconv,111-4,test,103645,0.0208,0.8378,0.113,0.1839,0.64,0.3277,0.3546
siamese_kpconv,111-5,test,128537,0.0296,0.865,0.1021,0.2698,0.68,0.6025,0.6022
siamese_kpconv,115-3,val,122885,0.0042,0.6015,0.0108,0.0143,0.56,0.0741,0.1798
siamese_kpconv,115-4,val,106744,0.0052,0.6223,0.0152,0.0172,0.58,0.3506,0.3506
siamese_kpconv,115-5,val,126310,0.0035,0.5848,0.0108,0.011,0.52,0.0332,0.0305
siamese_kpconv,119-2,test,79312,0.0011,0.4709,0.0052,0.0078,0.54,0.0043,0.1662
siamese_kpconv,119-3,test,72622,0.0123,0.7778,0.0518,0.0795,0.64,0.5693,0.5693
siamese_kpconv,119-4,test,77498,0.0304,0.8132,0.1412,0.2356,0.64,0.5666,0.5666
siamese_kpconv,119-5,test,77915,0.0447,0.6815,0.1678,0.1768,0.54,0.2561,0.2094
siamese_kpconv,120-2,test,135502,0.0068,0.7457,0.0202,0.032,0.6,0.24,0.24
siamese_kpconv,120-3,test,131968,0.0121,0.8698,0.0377,0.1244,0.78,0.7093,0.767
siamese_kpconv,120-4,test,151062,0.0204,0.6927,0.0555,0.0817,0.64,0.433,0.4509
siamese_kpconv,120-5,test,135797,0.0378,0.7277,0.1122,0.1505,0.64,0.3867,0.4575
siamese_kpconv,123-2,test,62346,0.0001,0.1528,0.0,0.0003,0.22,0.0007,0.0007
siamese_kpconv,123-3,test,64323,0.0048,0.8673,0.0361,0.2708,0.72,0.5399,0.5399
siamese_kpconv,123-4,test,64036,0.0142,0.8434,0.0793,0.377,0.72,0.4295,0.4444
siamese_kpconv,123-5,test,62612,0.0158,0.8946,0.1049,0.5223,0.68,0.665,0.62
siamese_kpconv,133-2,val,47343,0.0362,0.6332,0.0866,0.114,0.64,0.142,0.142
siamese_kpconv,133-3,val,49070,0.0061,0.8678,0.0176,0.0674,0.72,0.288,0.288
siamese_kpconv,133-4,val,35336,0.0445,0.7086,0.1326,0.1559,0.56,0.4484,0.4484
siamese_kpconv,133-5,val,48435,0.0831,0.7114,0.1899,0.2907,0.62,0.3149,0.3149
siamese_kpconv,140-2,val,75761,0.0,nan,0.0,0.0,0.5,0.0,nan
siamese_kpconv,140-3,val,90049,0.0011,0.6171,0.0033,0.0038,0.64,0.1686,0.1686
siamese_kpconv,147-2,test,95182,0.0141,0.4298,0.0363,0.0365,0.54,0.0808,0.1385
siamese_kpconv,147-3,test,120938,0.015,0.5017,0.036,0.0381,0.58,0.0774,0.1741
siamese_kpconv,147-4,test,104749,0.0379,0.5319,0.0902,0.0931,0.56,0.2185,0.4159
siamese_kpconv,147-5,test,112934,0.018,0.6575,0.0446,0.0535,0.7,0.5248,0.5221
siamese_kpconv,148-2,test,67936,0.0009,0.1854,0.0007,0.0019,0.36,0.0029,0.0029
siamese_kpconv,148-3,test,82277,0.0007,0.7724,0.0033,0.0037,0.52,0.0068,0.0068
siamese_kpconv,148-4,test,85006,0.0132,0.6426,0.0536,0.1458,0.72,0.3691,0.3691
siamese_kpconv,148-5,test,77488,0.0194,0.6501,0.064,0.0991,0.64,0.2023,0.2023
siamese_kpconv,151-2,test,122036,0.0195,0.5375,0.0399,0.0768,0.6,0.1967,0.1967
siamese_kpconv,151-3,test,128829,0.0007,0.4114,0.0002,0.0019,0.32,0.0053,0.0053
siamese_kpconv,151-4,test,128972,0.0028,0.9693,0.0133,0.2798,0.88,0.8614,0.8614
siamese_kpconv,151-5,test,136546,0.02,0.6074,0.0467,0.0819,0.62,0.2443,0.396
siamese_kpconv,152-2,test,101059,0.0056,0.0426,0.0,0.0112,0.16,0.0264,0.0264
siamese_kpconv,152-3,test,104503,0.0072,0.0821,0.0,0.0144,0.14,0.0266,0.0315
siamese_kpconv,152-4,test,96662,0.0176,0.255,0.0,0.0349,0.18,0.0622,0.081
siamese_kpconv,152-5,test,104491,0.0265,0.131,0.0015,0.0516,0.14,0.0914,0.0897
siamese_kpconv,153-4,test,75291,0.01,0.1553,0.0018,0.02,0.2,0.0263,0.0272
siamese_kpconv,153-5,test,90440,0.0345,0.4901,0.067,0.0895,0.62,0.3005,0.2403
siamese_kpconv,154-2,val,121454,0.0017,0.352,0.0038,0.0043,0.48,0.155,0.155
siamese_kpconv,154-3,val,149699,0.0015,0.5979,0.0045,0.0049,0.54,0.0493,0.0493
siamese_kpconv,154-4,val,121666,0.0144,0.3139,0.0219,0.0314,0.34,0.131,0.131
siamese_kpconv,154-5,val,155796,0.0107,0.3864,0.0204,0.026,0.4,0.0751,0.0748
siamese_kpconv,172-2,val,52535,0.0,nan,0.0,0.0,0.5,0.0,nan
siamese_kpconv,172-3,val,64673,0.0181,0.7362,0.07,0.2405,0.86,0.1849,0.2637
siamese_kpconv,172-4,val,66296,0.0614,0.8404,0.2294,0.5294,0.78,0.5853,0.5804
siamese_kpconv,172-5,val,64764,0.0731,0.9246,0.3182,0.6963,0.8,0.7349,0.7237
siamese_kpconv,175-2,test,64969,0.0062,0.9311,0.0297,0.2309,0.68,0.3261,0.3261
siamese_kpconv,175-3,test,73915,0.0079,0.9955,0.0471,0.6279,0.76,0.7127,0.7127
siamese_kpconv,175-4,test,75080,0.0441,0.9441,0.1461,0.6375,0.76,0.6479,0.6479
siamese_kpconv,177-2,test,31647,0.0018,0.8895,0.0177,0.0448,0.62,0.0552,0.0552
siamese_kpconv,177-3,test,36990,0.0057,0.7584,0.0259,0.0802,0.8,0.1045,0.1045
siamese_kpconv,177-4,test,38872,0.0042,0.5062,0.0011,0.0117,0.36,0.0177,0.0177
siamese_kpconv,177-5,test,43632,0.0079,0.8823,0.0421,0.1797,0.82,0.4622,0.4622
siamese_kpconv,178-2,val,94207,0.0147,0.7461,0.0416,0.3244,0.8,0.0578,0.2416
siamese_kpconv,178-3,val,94285,0.0039,0.9547,0.0164,0.253,0.84,0.7477,0.7477
siamese_kpconv,178-4,val,90476,0.0235,0.877,0.0799,0.3208,0.86,0.2914,0.2863
siamese_kpconv,178-5,val,91002,0.0414,0.8334,0.1237,0.4244,0.78,0.3713,0.3937
siamese_kpconv,183-2,val,64107,0.0006,0.2516,0.0005,0.0014,0.42,0.0045,0.0045
siamese_kpconv,183-3,val,81072,0.0142,0.4294,0.0363,0.0372,0.54,0.5576,0.5576
siamese_kpconv,183-4,val,70055,0.0169,0.3759,0.0291,0.0372,0.44,0.1764,0.1764
siamese_kpconv,183-5,val,79649,0.0223,0.4197,0.0434,0.0517,0.46,0.1094,0.1137
siamese_kpconv,187-2,val,75403,0.0155,0.6255,0.0626,0.2096,0.68,0.0549,0.2141
siamese_kpconv,187-3,val,76320,0.0061,0.9289,0.0462,0.2389,0.7,0.3968,0.3968
siamese_kpconv,187-4,val,64839,0.0212,0.9544,0.1156,0.3962,0.64,0.5264,0.5264
siamese_kpconv,187-5,val,80597,0.0186,0.9584,0.1052,0.4051,0.64,0.4548,0.3115
siamese_kpconv,189-2,val,102100,0.0081,0.4229,0.0162,0.0201,0.4,0.2029,0.2029
siamese_kpconv,189-3,val,104340,0.005,0.6475,0.0156,0.0234,0.68,0.5235,0.5235
siamese_kpconv,189-4,val,98152,0.0077,0.571,0.0224,0.0233,0.58,0.1438,0.1184
siamese_kpconv,189-5,val,113111,0.0176,0.4995,0.0397,0.0424,0.46,0.3414,0.3739
siamese_kpconv,190-2,test,228897,0.0059,0.858,0.0181,0.472,0.94,0.6662,0.6264
siamese_kpconv,190-3,test,219197,0.0141,0.9521,0.0491,0.4241,0.86,0.8852,0.8885
siamese_kpconv,190-4,test,258749,0.2217,0.8304,0.5156,0.5968,0.62,0.8007,0.6283
siamese_kpconv,190-5,test,230686,0.2322,0.8438,0.5379,0.5818,0.62,0.8225,0.5635
siamese_kpconv,191-2,test,95762,0.003,0.8417,0.0446,0.069,0.56,0.5882,0.5882
siamese_kpconv,191-3,test,108006,0.001,0.0268,0.0,0.002,0.14,0.0048,0.0048
siamese_kpconv,191-4,test,103067,0.011,0.9449,0.2166,0.469,0.7,0.8097,0.8097
siamese_kpconv,191-5,test,119644,0.005,0.7468,0.0211,0.0304,0.72,0.1979,0.1979
siamese_kpconv,196-2,test,70429,0.0,nan,0.0,0.0,0.5,0.0,nan
siamese_kpconv,196-3,test,82246,0.0269,0.7465,0.08,0.2987,0.72,0.4915,0.4915
siamese_kpconv,196-4,test,79011,0.0388,0.8793,0.118,0.3194,0.68,0.519,0.519
siamese_kpconv,196-5,test,103000,0.0617,0.854,0.1724,0.3755,0.72,0.5608,0.5608
siamese_kpconv,197-2,test,103902,0.0003,0.6293,0.0009,0.001,0.52,0.003,0.003
siamese_kpconv,197-3,test,98673,0.0027,0.8924,0.0107,0.0417,0.7,0.6373,0.6373
siamese_kpconv,197-4,test,96762,0.0104,0.8941,0.0373,0.1333,0.66,0.594,0.594
siamese_kpconv,197-5,test,122383,0.0139,0.7757,0.0471,0.0853,0.64,0.5814,0.5814
siamese_kpconv,198-3,test,145104,0.0729,0.8697,0.2396,0.735,0.8,0.7781,0.7772
siamese_kpconv,198-4,test,164533,0.1131,0.7242,0.2904,0.3185,0.68,0.5327,0.4677
siamese_kpconv,198-5,test,158470,0.1394,0.8602,0.4415,0.5035,0.64,0.7068,0.7086
siamese_kpconv,202-2,val,110347,0.0129,0.6519,0.0319,0.0459,0.62,0.1532,0.1532
siamese_kpconv,202-3,val,104028,0.0021,0.4431,0.0048,0.0057,0.48,0.0118,0.0118
siamese_kpconv,202-4,val,109424,0.0684,0.7245,0.165,0.2599,0.66,0.5418,0.5418
siamese_kpconv,202-5,val,94786,0.0817,0.8184,0.2104,0.3487,0.7,0.5026,0.4521
siamese_kpconv,211-2,val,93055,0.0024,0.189,0.0,0.0049,0.26,0.0096,0.0114
siamese_kpconv,211-3,val,85773,0.0,nan,0.0,0.0,0.5,0.0,nan
siamese_kpconv,211-4,val,87637,0.0033,0.9709,0.0099,0.1255,0.82,0.18,0.18
siamese_kpconv,211-5,val,94849,0.0056,0.5325,0.0079,0.0654,0.82,0.0195,0.0815
siamese_kpconv,212-2,test,105349,0.0116,0.6544,0.0291,0.063,0.7,0.189,0.242
siamese_kpconv,212-3,test,95165,0.0008,0.4191,0.0008,0.0025,0.42,0.008,0.008
siamese_kpconv,212-4,test,106672,0.0024,0.7982,0.0079,0.0229,0.68,0.3224,0.3224
siamese_kpconv,212-5,test,107577,0.0137,0.6859,0.038,0.0718,0.7,0.2712,0.3066
siamese_kpconv,216-2,test,64436,0.0025,0.1662,0.0003,0.0051,0.2,0.0095,0.0095
siamese_kpconv,216-3,test,61493,0.0021,0.9842,0.0129,0.3182,0.72,0.7525,0.7525
siamese_kpconv,216-4,test,65652,0.0011,0.0722,0.0,0.0023,0.18,0.0045,0.0045
siamese_kpconv,216-5,test,66564,0.0033,0.5045,0.0098,0.1957,0.78,0.5167,0.5167
siamese_kpconv,218-2,test,102100,0.0013,0.4721,0.0038,0.0042,0.56,0.0159,0.0159
siamese_kpconv,218-3,test,104340,0.0045,0.6429,0.0141,0.0208,0.68,0.4522,0.4522
siamese_kpconv,218-4,test,98152,0.0084,0.5579,0.0235,0.0253,0.6,0.2056,0.16
siamese_kpconv,218-5,test,113112,0.0137,0.586,0.037,0.0405,0.68,0.4752,0.4816
siamese_kpconv,220-2,val,68027,0.0,nan,0.0,0.0,0.5,0.0,nan
siamese_kpconv,220-3,val,63876,0.0134,0.3489,0.026,0.0298,0.4,0.1702,0.1702
siamese_kpconv,220-4,val,79747,0.0619,0.4765,0.1239,0.1259,0.44,0.4196,0.4714
siamese_kpconv,220-5,val,80416,0.0768,0.4449,0.14,0.1488,0.36,0.4314,0.5718
siamese_kpconv,221-2,test,111301,0.0005,0.1361,0.0,0.0011,0.42,0.0061,0.0061
siamese_kpconv,221-3,test,125072,0.0019,0.4261,0.0046,0.0061,0.6,0.7067,0.7067
siamese_kpconv,221-4,test,114725,0.0066,0.4149,0.0143,0.0183,0.62,0.4816,0.4816
siamese_kpconv,221-5,test,132061,0.009,0.392,0.0201,0.0254,0.58,0.5231,0.4561
siamese_kpconv,222-2,test,126364,0.0012,0.2681,0.0017,0.0026,0.4,0.0109,0.0109
siamese_kpconv,222-3,test,123892,0.0015,0.583,0.0035,0.0059,0.68,0.4902,0.4902
siamese_kpconv,222-4,test,140447,0.0075,0.563,0.0204,0.0225,0.68,0.2383,0.3565
siamese_kpconv,222-5,test,143030,0.0059,0.6317,0.0154,0.0252,0.74,0.5917,0.5544
siamese_kpconv,227-2,test,44010,0.0207,0.5641,0.0496,0.0546,0.58,0.1719,0.1719
siamese_kpconv,227-3,test,59217,0.0659,0.7697,0.155,0.346,0.74,0.6871,0.7002
siamese_kpconv,227-4,test,73766,0.0917,0.6625,0.2267,0.2603,0.66,0.5861,0.6132
siamese_kpconv,227-5,test,75512,0.1399,0.5243,0.2828,0.2854,0.54,0.557,0.579
siamese_kpconv,POOLED,val,7763592,0.0154,0.6691,0.0423,0.0587,0.68,,
siamese_kpconv,POOLED,test,19245754,0.0285,0.728,0.0848,0.1224,0.7,,
siamese_pointnet,009-2,test,61508,0.0,nan,0.0,0.0,0.5,0.0,nan
siamese_pointnet,009-3,test,56768,0.0042,0.9539,0.0271,0.1479,0.84,0.171,0.171
siamese_pointnet,009-4,test,75073,0.004,0.1384,0.0,0.0084,0.04,0.0175,0.0138
siamese_pointnet,009-5,test,59424,0.0088,0.7534,0.0459,0.1314,0.82,0.0244,0.0768
siamese_pointnet,014-2,val,49660,0.0,nan,0.0,0.0,0.5,0.0,nan
siamese_pointnet,014-3,val,57898,0.0026,0.8236,0.0089,0.0263,0.8,0.0263,0.0263
siamese_pointnet,014-4,val,58069,0.0082,0.9069,0.0269,0.0926,0.9,0.093,0.093
siamese_pointnet,014-5,val,56295,0.011,0.761,0.0307,0.0934,0.84,0.0783,0.075
siamese_pointnet,017-2,test,101198,0.0,nan,0.0,0.0,0.5,0.0,nan
siamese_pointnet,017-3,test,99171,0.027,0.6802,0.0958,0.1161,0.44,0.3272,0.2924
siamese_pointnet,017-4,test,89170,0.0018,0.7354,0.0087,0.009,0.48,0.092,0.092
siamese_pointnet,017-5,test,98218,0.0036,0.7599,0.0136,0.0407,0.82,0.0396,0.033
siamese_pointnet,018-2,test,198639,0.0,nan,0.0,0.0,0.5,0.0,nan
siamese_pointnet,018-3,test,202230,0.021,0.4702,0.0185,0.05,0.08,0.3411,0.3495
siamese_pointnet,018-4,test,242224,0.0017,0.6699,0.0,0.0085,0.02,0.0289,0.0289
siamese_pointnet,018-5,test,237330,0.0074,0.6404,0.0117,0.0286,0.24,0.1061,0.1299
siamese_pointnet,019-2,test,64889,0.0053,0.3394,0.0,0.0137,0.12,0.0367,0.0367
siamese_pointnet,019-3,test,63654,0.0168,0.659,0.0,0.0702,0.3,0.232,0.232
siamese_pointnet,019-4,test,63780,0.0034,0.242,0.0,0.0074,0.02,0.0113,0.0097
siamese_pointnet,019-5,test,72113,0.0163,0.8282,0.244,0.244,0.5,0.0424,0.1057
siamese_pointnet,020-2,val,135408,0.004,0.8773,0.0127,0.0393,0.84,0.0518,0.0519
siamese_pointnet,020-3,val,132798,0.0356,0.6895,0.0889,0.4191,0.9,0.2691,0.3179
siamese_pointnet,020-4,val,150140,0.0585,0.6595,0.1447,0.1726,0.76,0.2645,0.2365
siamese_pointnet,023-2,test,208496,0.0051,0.8673,0.0335,0.0605,0.78,0.0588,0.0615
siamese_pointnet,023-3,test,238419,0.0172,0.9278,0.1109,0.2269,0.78,0.2902,0.2225
siamese_pointnet,023-4,test,247383,0.0188,0.9816,0.1354,0.6858,0.94,0.782,0.782
siamese_pointnet,023-5,test,266160,0.0445,0.9494,0.2732,0.5368,0.9,0.468,0.3701
siamese_pointnet,026-2,test,85235,0.0,nan,0.0,0.0,0.5,0.0,nan
siamese_pointnet,026-3,test,72327,0.0021,0.8215,0.0088,0.0182,0.72,0.0698,0.0698
siamese_pointnet,026-4,test,77469,0.0065,0.6194,0.0155,0.0207,0.34,0.0382,0.0257
siamese_pointnet,026-5,test,82172,0.0038,0.7587,0.0181,0.0243,0.64,0.1913,0.1913
siamese_pointnet,027-2,test,93230,0.0168,0.3741,0.0,0.0404,0.02,0.041,0.0708
siamese_pointnet,027-3,test,90437,0.0113,0.8862,0.0517,0.486,0.9,0.486,0.486
siamese_pointnet,027-4,test,100904,0.0061,0.9027,0.0313,0.3407,0.94,0.3407,0.3407
siamese_pointnet,035-2,test,74934,0.01,0.9388,0.0651,0.24,0.76,0.4605,0.4605
siamese_pointnet,035-3,test,102558,0.0718,0.9278,0.3854,0.6029,0.64,0.7328,0.8013
siamese_pointnet,035-4,test,98422,0.0146,0.837,0.0619,0.2848,0.94,0.0688,0.273
siamese_pointnet,035-5,test,103171,0.0694,0.9276,0.3147,0.6268,0.74,0.4717,0.4099
siamese_pointnet,036-2,test,167802,0.0055,0.9052,0.0376,0.1738,0.72,0.6709,0.6552
siamese_pointnet,036-3,test,147814,0.007,0.7096,0.0199,0.2686,0.9,0.9369,0.9369
siamese_pointnet,036-4,test,151218,0.0304,0.943,0.1168,0.6471,0.94,0.7075,0.8172
siamese_pointnet,036-5,test,155858,0.0339,0.8738,0.1456,0.5288,0.84,0.7747,0.8011
siamese_pointnet,039-2,test,154177,0.0061,0.8231,0.0318,0.0392,0.6,0.1103,0.1103
siamese_pointnet,039-5,test,164569,0.0731,0.896,0.2887,0.5743,0.8,0.4317,0.5785
siamese_pointnet,040-3,test,282613,0.0141,0.7557,0.0432,0.4139,0.96,0.1318,0.3917
siamese_pointnet,040-4,test,277978,0.0572,0.8703,0.24,0.3719,0.8,0.4953,0.4186
siamese_pointnet,040-5,test,269900,0.0684,0.905,0.2712,0.5153,0.86,0.5832,0.6452
siamese_pointnet,041-2,test,56643,0.0204,0.8734,0.1299,0.1532,0.54,0.1532,0.1532
siamese_pointnet,041-3,test,61573,0.0436,0.9587,0.2698,0.5806,0.72,0.6018,0.6018
siamese_pointnet,041-4,test,57601,0.0264,0.9704,0.2224,0.6717,0.68,0.6717,0.6717
siamese_pointnet,041-5,test,62375,0.094,0.9643,0.5528,0.679,0.6,0.679,0.679
siamese_pointnet,045-2,val,71612,0.0018,0.9809,0.0076,0.0901,0.94,0.0927,0.0927
siamese_pointnet,045-3,val,73736,0.0009,0.8072,0.0043,0.0084,0.84,0.0085,0.0085
siamese_pointnet,045-4,val,78322,0.101,0.9323,0.3273,0.62,0.88,0.3571,0.3231
siamese_pointnet,046-2,test,77971,0.0014,0.8264,0.0163,0.0163,0.5,0.0088,0.0111
siamese_pointnet,046-3,test,78579,0.0107,0.977,0.1555,0.3218,0.72,0.3218,0.3218
siamese_pointnet,046-4,test,71061,0.0019,0.6108,0.0068,0.0084,0.58,0.0125,0.0125
siamese_pointnet,046-5,test,67519,0.0184,0.9385,0.172,0.2591,0.66,0.1316,0.134
siamese_pointnet,047-2,val,96643,0.0033,0.9469,0.0178,0.0731,0.82,0.0992,0.0992
siamese_pointnet,047-3,val,115977,0.0008,0.6384,0.004,0.004,0.5,0.0572,0.0572
siamese_pointnet,047-5,val,123115,0.0096,0.8346,0.0502,0.0641,0.76,0.0776,0.1651
siamese_pointnet,048-2,val,210820,0.0019,0.5713,0.0043,0.0056,0.26,0.0155,0.0152
siamese_pointnet,048-3,val,218959,0.0028,0.5236,0.0082,0.0083,0.52,0.021,0.0191
siamese_pointnet,048-4,val,230039,0.0031,0.7696,0.0124,0.0179,0.62,0.0318,0.0256
siamese_pointnet,048-5,val,226799,0.005,0.6828,0.0163,0.0241,0.64,0.0236,0.0189
siamese_pointnet,049-2,test,148058,0.003,0.8182,0.0239,0.0247,0.52,0.0371,0.0372
siamese_pointnet,049-5,test,162691,0.0055,0.8747,0.0428,0.0526,0.56,0.1678,0.1678
siamese_pointnet,053-2,test,304383,0.0,nan,0.0,0.0,0.5,0.0,nan
siamese_pointnet,053-3,test,312314,0.0148,0.9276,0.0738,0.4045,0.92,0.5601,0.5601
siamese_pointnet,053-4,test,299755,0.028,0.9384,0.1456,0.5976,0.94,0.6047,0.5622
siamese_pointnet,053-5,test,301047,0.0318,0.9296,0.1757,0.5931,0.9,0.7001,0.688
siamese_pointnet,055-2,test,92714,0.0041,0.8791,0.0168,0.0461,0.82,0.0464,0.0464
siamese_pointnet,055-4,test,85113,0.0049,0.7856,0.0192,0.0406,0.74,0.0296,0.0252
siamese_pointnet,055-5,test,87859,0.0093,0.818,0.0313,0.0873,0.84,0.0659,0.0592
siamese_pointnet,059-3,val,127538,0.0045,0.9611,0.0225,0.1957,0.74,0.2912,0.2912
siamese_pointnet,064-2,val,101898,0.0018,0.3981,0.0,0.0056,0.12,0.0154,0.0154
siamese_pointnet,064-3,val,95651,0.0291,0.9068,0.1321,0.7564,0.9,0.7638,0.7638
siamese_pointnet,064-4,val,92139,0.0069,0.2262,0.0,0.0075,0.18,0.0158,0.0081
siamese_pointnet,064-5,val,111671,0.033,0.8904,0.139,0.6628,0.84,0.6958,0.5632
siamese_pointnet,065-2,test,54020,0.0004,0.105,0.0,0.0008,0.36,0.0011,0.0011
siamese_pointnet,065-3,test,58220,0.0078,0.1387,0.0,0.017,0.24,0.0248,0.0248
siamese_pointnet,065-4,test,56762,0.0011,0.369,0.0,0.0033,0.18,0.0039,0.0039
siamese_pointnet,065-5,test,56343,0.0086,0.1532,0.0,0.0185,0.26,0.0259,0.0259
siamese_pointnet,067-2,test,160533,0.0,nan,0.0,0.0,0.5,0.0,nan
siamese_pointnet,067-4,test,169239,0.0191,0.896,0.1147,0.2451,0.98,0.2604,0.1791
siamese_pointnet,067-5,test,194913,0.0163,0.9599,0.0898,0.5127,0.96,0.2942,0.2775
siamese_pointnet,068-2,val,105643,0.0028,0.6728,0.0,0.0141,0.26,0.0326,0.0326
siamese_pointnet,068-3,val,111731,0.0005,0.9727,0.0191,0.036,0.52,0.0759,0.0759
siamese_pointnet,068-4,val,114099,0.0033,0.7946,0.0132,0.0203,0.38,0.0286,0.0287
siamese_pointnet,068-5,val,118999,0.0057,0.7498,0.0222,0.0362,0.8,0.0436,0.048
siamese_pointnet,071-2,test,316378,0.0091,0.6857,0.0221,0.0381,0.34,0.0933,0.0677
siamese_pointnet,071-3,test,324895,0.0015,0.7155,0.0057,0.0083,0.44,0.0317,0.2359
siamese_pointnet,071-4,test,310519,0.047,0.8561,0.2168,0.4277,0.94,0.6356,0.5727
siamese_pointnet,071-5,test,319535,0.0437,0.8595,0.204,0.4508,0.94,0.4046,0.564
siamese_pointnet,076-2,val,73647,0.0093,0.9454,0.035,0.1603,0.78,0.2272,0.2272
siamese_pointnet,076-3,val,73100,0.0074,0.7959,0.0308,0.0706,0.9,0.0777,0.0777
siamese_pointnet,076-5,val,100023,0.0203,0.7352,0.0583,0.2146,0.9,0.2993,0.3458
siamese_pointnet,083-2,val,123545,0.0,0.69,0.0002,0.0003,0.52,0.0011,0.0011
siamese_pointnet,083-3,val,136060,0.0159,0.9177,0.0818,0.4409,0.76,0.4705,0.4098
siamese_pointnet,083-4,val,121555,0.0088,0.8468,0.0449,0.2694,0.82,0.2781,0.2477
siamese_pointnet,083-5,val,119507,0.0244,0.7912,0.1159,0.1466,0.84,0.2774,0.2272
siamese_pointnet,085-2,test,93259,0.0028,0.7911,0.0127,0.0163,0.74,0.0143,0.0136
siamese_pointnet,085-3,test,100300,0.0201,0.9372,0.1077,0.4379,0.9,0.6644,0.6644
siamese_pointnet,085-4,test,104322,0.3033,0.9483,0.7686,0.7953,0.6,0.7979,0.7864
siamese_pointnet,085-5,test,117449,0.2596,0.9511,0.7204,0.7899,0.7,0.8021,0.7999
siamese_pointnet,106-2,test,66904,0.0342,0.5754,0.0413,0.1048,0.02,0.1095,0.1731
siamese_pointnet,106-3,test,70965,0.0268,0.5386,0.0075,0.0829,0.04,0.0807,0.1519
siamese_pointnet,106-4,test,75155,0.029,0.4468,0.0,0.0592,0.02,0.0578,0.221
siamese_pointnet,106-5,test,67337,0.049,0.5448,0.0417,0.1255,0.02,0.1247,0.1878
siamese_pointnet,111-2,test,102272,0.0,nan,0.0,0.0,0.5,0.0,nan
siamese_pointnet,111-3,test,104394,0.0194,0.9101,0.1011,0.6849,0.92,0.7454,0.7519
siamese_pointnet,111-4,test,103645,0.0208,0.6669,0.0541,0.1181,0.92,0.1531,0.157
siamese_pointnet,111-5,test,128537,0.0296,0.805,0.0958,0.4687,0.94,0.5269,0.541
siamese_pointnet,115-3,val,122885,0.0042,0.6843,0.018,0.0186,0.48,0.068,0.1186
siamese_pointnet,115-4,val,106744,0.0052,0.8915,0.0253,0.2088,0.96,0.2088,0.2088
siamese_pointnet,115-5,val,126310,0.0035,0.7908,0.0165,0.0219,0.64,0.0216,0.019
siamese_pointnet,119-2,test,79312,0.0011,0.547,0.0035,0.0036,0.52,0.0053,0.0338
siamese_pointnet,119-3,test,72622,0.0123,0.913,0.0652,0.2384,0.82,0.2384,0.2384
siamese_pointnet,119-4,test,77498,0.0304,0.876,0.1329,0.4076,0.84,0.4076,0.4076
siamese_pointnet,119-5,test,77915,0.0447,0.8823,0.2108,0.422,0.78,0.2382,0.2843
siamese_pointnet,120-2,test,135502,0.0068,0.962,0.044,0.1771,0.86,0.2357,0.2357
siamese_pointnet,120-3,test,131968,0.0121,0.9645,0.0599,0.7459,0.98,0.7572,0.6435
siamese_pointnet,120-4,test,151062,0.0204,0.8023,0.1124,0.1139,0.48,0.3125,0.3231
siamese_pointnet,120-5,test,135797,0.0378,0.7168,0.1175,0.1686,0.7,0.3196,0.3804
siamese_pointnet,123-2,test,62346,0.0001,0.5967,0.0006,0.0006,0.5,0.0014,0.0014
siamese_pointnet,123-3,test,64323,0.0048,0.7977,0.0163,0.2567,0.92,0.2567,0.2567
siamese_pointnet,123-4,test,64036,0.0142,0.6687,0.0522,0.0633,0.9,0.2401,0.2116
siamese_pointnet,123-5,test,62612,0.0158,0.7994,0.0669,0.2615,0.84,0.2622,0.2832
siamese_pointnet,133-2,val,47343,0.0362,0.9208,0.1253,0.337,0.78,0.3395,0.3395
siamese_pointnet,133-3,val,49070,0.0061,0.5772,0.0,0.0251,0.32,0.0252,0.0252
siamese_pointnet,133-4,val,35336,0.0445,0.6235,0.1264,0.135,0.44,0.209,0.209
siamese_pointnet,133-5,val,48435,0.0831,0.7856,0.248,0.3277,0.8,0.3361,0.3361
siamese_pointnet,140-2,val,75761,0.0,nan,0.0,0.0,0.5,0.0,nan
siamese_pointnet,140-3,val,90049,0.0011,0.182,0.0,0.0,0.5,0.0,0.0
siamese_pointnet,147-2,test,95182,0.0141,0.8745,0.0524,0.1413,0.8,0.1255,0.1838
siamese_pointnet,147-3,test,120938,0.015,0.8539,0.0897,0.1025,0.58,0.1092,0.1864
siamese_pointnet,147-4,test,104749,0.0379,0.783,0.1219,0.2133,0.88,0.2156,0.2944
siamese_pointnet,147-5,test,112934,0.018,0.6941,0.0419,0.2554,0.9,0.178,0.294
siamese_pointnet,148-2,test,67936,0.0009,0.7805,0.0033,0.0057,0.74,0.0057,0.0057
siamese_pointnet,148-3,test,82277,0.0007,0.8525,0.0024,0.0068,0.86,0.0068,0.0068
siamese_pointnet,148-4,test,85006,0.0132,0.9065,0.0518,0.4577,0.92,0.4577,0.4577
siamese_pointnet,148-5,test,77488,0.0194,0.8351,0.0662,0.428,0.9,0.428,0.428
siamese_pointnet,151-2,test,122036,0.0195,0.9403,0.0984,0.2605,0.8,0.2848,0.2848
siamese_pointnet,151-3,test,128829,0.0007,0.9204,0.0041,0.0111,0.78,0.0161,0.0161
siamese_pointnet,151-4,test,128972,0.0028,0.8945,0.0145,0.195,0.88,0.7637,0.7637
siamese_pointnet,151-5,test,136546,0.02,0.9119,0.1071,0.2076,0.76,0.2915,0.4422
siamese_pointnet,152-2,test,101059,0.0056,0.6836,0.0284,0.0294,0.54,0.0326,0.0326
siamese_pointnet,152-3,test,104503,0.0072,0.591,0.0235,0.0253,0.12,0.0329,0.0425
siamese_pointnet,152-4,test,96662,0.0176,0.6511,0.056,0.0692,0.64,0.0913,0.1192
siamese_pointnet,152-5,test,104491,0.0265,0.6843,0.1052,0.1091,0.56,0.1172,0.1223
siamese_pointnet,153-4,test,75291,0.01,0.5378,0.0223,0.0328,0.4,0.0372,0.0372
siamese_pointnet,153-5,test,90440,0.0345,0.5966,0.0468,0.1112,0.36,0.2092,0.1395
siamese_pointnet,154-2,val,121454,0.0017,0.3667,0.0,0.0046,0.08,0.1229,0.1229
siamese_pointnet,154-3,val,149699,0.0015,0.8841,0.0115,0.018,0.58,0.0238,0.0238
siamese_pointnet,154-4,val,121666,0.0144,0.8799,0.0764,0.1326,0.64,0.2873,0.2873
siamese_pointnet,154-5,val,155796,0.0107,0.8836,0.0708,0.1143,0.66,0.1023,0.0872
siamese_pointnet,172-2,val,52535,0.0,nan,0.0,0.0,0.5,0.0,nan
siamese_pointnet,172-3,val,64673,0.0181,0.8779,0.0845,0.3743,0.86,0.4585,0.4588
siamese_pointnet,172-4,val,66296,0.0614,0.9655,0.4149,0.6611,0.62,0.6425,0.5877
siamese_pointnet,172-5,val,64764,0.0731,0.9589,0.3533,0.6954,0.88,0.8029,0.8264
siamese_pointnet,175-2,test,64969,0.0062,0.6852,0.0,0.0325,0.34,0.0334,0.0334
siamese_pointnet,175-3,test,73915,0.0079,0.9744,0.0608,0.7937,0.88,0.7937,0.7937
siamese_pointnet,175-4,test,75080,0.0441,0.9724,0.2521,0.7186,0.72,0.7186,0.7186
siamese_pointnet,177-2,test,31647,0.0018,0.7138,0.0049,0.0089,0.72,0.0117,0.0117
siamese_pointnet,177-3,test,36990,0.0057,0.7797,0.0261,0.0917,0.92,0.0917,0.0917
siamese_pointnet,177-4,test,38872,0.0042,0.8252,0.0151,0.0394,0.8,0.0428,0.0428
siamese_pointnet,177-5,test,43632,0.0079,0.9835,0.0491,0.5459,0.9,0.5459,0.5459
siamese_pointnet,178-2,val,94207,0.0147,0.2709,0.0119,0.023,0.3,0.0246,0.0217
siamese_pointnet,178-3,val,94285,0.0039,0.9455,0.0201,0.0845,0.72,0.1159,0.1159
siamese_pointnet,178-4,val,90476,0.0235,0.934,0.1939,0.382,0.7,0.4587,0.3305
siamese_pointnet,178-5,val,91002,0.0414,0.794,0.1536,0.2213,0.88,0.2934,0.2144
siamese_pointnet,183-2,val,64107,0.0006,0.9485,0.0026,0.0124,0.86,0.0127,0.0127
siamese_pointnet,183-3,val,81072,0.0142,0.9661,0.116,0.4177,0.66,0.4698,0.4698
siamese_pointnet,183-4,val,70055,0.0169,0.6426,0.0545,0.0557,0.52,0.1106,0.1106
siamese_pointnet,183-5,val,79649,0.0223,0.8551,0.0852,0.1592,0.72,0.208,0.1298
siamese_pointnet,187-2,val,75403,0.0155,0.721,0.0498,0.0647,0.4,0.0782,0.165
siamese_pointnet,187-3,val,76320,0.0061,0.8934,0.0413,0.2078,0.86,0.2078,0.2078
siamese_pointnet,187-4,val,64839,0.0212,0.8546,0.0868,0.5083,0.88,0.5083,0.5083
siamese_pointnet,187-5,val,80597,0.0186,0.917,0.1077,0.4811,0.86,0.1339,0.2534
siamese_pointnet,189-2,val,102100,0.0081,0.7571,0.0082,0.0513,0.38,0.0866,0.0866
siamese_pointnet,189-3,val,104340,0.005,0.9832,0.0409,0.7273,0.9,0.7273,0.7273
siamese_pointnet,189-4,val,98152,0.0077,0.9276,0.0583,0.1509,0.82,0.1011,0.1804
siamese_pointnet,189-5,val,113111,0.0176,0.862,0.0985,0.2366,0.8,0.3351,0.3321
siamese_pointnet,190-2,test,228897,0.0059,0.3874,0.0172,0.0214,0.44,0.0431,0.0223
siamese_pointnet,190-3,test,219197,0.0141,0.8749,0.0919,0.7036,0.9,0.7799,0.7762
siamese_pointnet,190-4,test,258749,0.2217,0.9266,0.6914,0.7698,0.62,0.9099,0.6279
siamese_pointnet,190-5,test,230686,0.2322,0.9228,0.6804,0.7814,0.68,0.9001,0.5303
siamese_pointnet,191-2,test,95762,0.003,0.7363,0.0164,0.0188,0.62,0.0188,0.0188
siamese_pointnet,191-3,test,108006,0.001,0.7596,0.0057,0.0064,0.6,0.0064,0.0064
siamese_pointnet,191-4,test,103067,0.011,0.9736,0.0612,0.6327,0.92,0.6327,0.6327
siamese_pointnet,191-5,test,119644,0.005,0.8995,0.0336,0.081,0.84,0.0837,0.0837
siamese_pointnet,196-2,test,70429,0.0,nan,0.0,0.0,0.5,0.0,nan
siamese_pointnet,196-3,test,82246,0.0269,0.9566,0.1156,0.6034,0.8,0.6287,0.6287
siamese_pointnet,196-4,test,79011,0.0388,0.9068,0.208,0.6249,0.8,0.6872,0.6872
siamese_pointnet,196-5,test,103000,0.0617,0.9115,0.2838,0.6256,0.8,0.6928,0.6928
siamese_pointnet,197-2,test,103902,0.0003,0.8729,0.0011,0.0035,0.72,0.0087,0.0087
siamese_pointnet,197-3,test,98673,0.0027,0.9031,0.0126,0.4583,0.96,0.6004,0.6004
siamese_pointnet,197-4,test,96762,0.0104,0.885,0.0471,0.4219,0.94,0.4687,0.4687
siamese_pointnet,197-5,test,122383,0.0139,0.9172,0.0656,0.4272,0.92,0.4963,0.4963
siamese_pointnet,198-3,test,145104,0.0729,0.8312,0.2832,0.3074,0.38,0.6324,0.6156
siamese_pointnet,198-4,test,164533,0.1131,0.8193,0.4106,0.5018,0.68,0.5968,0.5517
siamese_pointnet,198-5,test,158470,0.1394,0.8903,0.497,0.6037,0.72,0.7701,0.7649
siamese_pointnet,202-2,val,110347,0.0129,0.533,0.045,0.045,0.5,0.0701,0.0701
siamese_pointnet,202-3,val,104028,0.0021,0.6463,0.009,0.0094,0.52,0.0114,0.0114
siamese_pointnet,202-4,val,109424,0.0684,0.849,0.2371,0.324,0.9,0.3325,0.3325
siamese_pointnet,202-5,val,94786,0.0817,0.8696,0.3465,0.47,0.86,0.3944,0.3839
siamese_pointnet,211-2,val,93055,0.0024,0.6439,0.0072,0.0103,0.32,0.013,0.0152
siamese_pointnet,211-3,val,85773,0.0,nan,0.0,0.0,0.5,0.0,nan
siamese_pointnet,211-4,val,87637,0.0033,0.7957,0.0144,0.0703,0.72,0.1637,0.1637
siamese_pointnet,211-5,val,94849,0.0056,0.6701,0.0135,0.0233,0.24,0.0284,0.0311
siamese_pointnet,212-2,test,105349,0.0116,0.7228,0.0465,0.0513,0.58,0.074,0.068
siamese_pointnet,212-3,test,95165,0.0008,0.8951,0.0058,0.0116,0.66,0.134,0.134
siamese_pointnet,212-4,test,106672,0.0024,0.6874,0.007,0.0124,0.44,0.0269,0.0269
siamese_pointnet,212-5,test,107577,0.0137,0.6991,0.0484,0.058,0.4,0.0972,0.0783
siamese_pointnet,216-2,test,64436,0.0025,0.6527,0.0009,0.0127,0.42,0.013,0.013
siamese_pointnet,216-3,test,61493,0.0021,0.7863,0.0068,0.0882,0.82,0.0882,0.0882
siamese_pointnet,216-4,test,65652,0.0011,0.8134,0.0069,0.0081,0.48,0.0084,0.0084
siamese_pointnet,216-5,test,66564,0.0033,0.8224,0.0171,0.2231,0.76,0.2231,0.2231
siamese_pointnet,218-2,test,102100,0.0013,0.8226,0.0081,0.0105,0.46,0.0174,0.0174
siamese_pointnet,218-3,test,104340,0.0045,0.9617,0.0367,0.3774,0.8,0.4055,0.4055
siamese_pointnet,218-4,test,98152,0.0084,0.927,0.0626,0.1734,0.82,0.1031,0.1873
siamese_pointnet,218-5,test,113112,0.0137,0.9219,0.1118,0.3636,0.8,0.4345,0.4642
siamese_pointnet,220-2,val,68027,0.0,nan,0.0,0.0,0.5,0.0,nan
siamese_pointnet,220-3,val,63876,0.0134,0.8064,0.0601,0.2043,0.94,0.2043,0.2043
siamese_pointnet,220-4,val,79747,0.0619,0.8974,0.2956,0.4106,0.78,0.5863,0.5693
siamese_pointnet,220-5,val,80416,0.0768,0.8963,0.3231,0.4887,0.76,0.36,0.6502
siamese_pointnet,221-2,test,111301,0.0005,0.9367,0.007,0.0105,0.54,0.0968,0.0968
siamese_pointnet,221-3,test,125072,0.0019,0.9002,0.0179,0.1599,0.7,0.4684,0.4684
siamese_pointnet,221-4,test,114725,0.0066,0.9297,0.0611,0.6311,0.7,0.6311,0.6311
siamese_pointnet,221-5,test,132061,0.009,0.9194,0.1169,0.4029,0.8,0.5408,0.4032
siamese_pointnet,222-2,test,126364,0.0012,0.6313,0.0,0.0055,0.3,0.0108,0.0108
siamese_pointnet,222-3,test,123892,0.0015,0.8599,0.008,0.043,0.76,0.5306,0.5306
siamese_pointnet,222-4,test,140447,0.0075,0.8776,0.0598,0.6644,0.92,0.0738,0.4397
siamese_pointnet,222-5,test,143030,0.0059,0.9738,0.0881,0.8411,0.92,0.7767,0.6181
siamese_pointnet,227-2,test,44010,0.0207,0.3814,0.0303,0.0489,0.2,0.0499,0.0499
siamese_pointnet,227-3,test,59217,0.0659,0.8778,0.1801,0.6866,0.92,0.7322,0.7226
siamese_pointnet,227-4,test,73766,0.0917,0.9539,0.3242,0.6915,0.92,0.7034,0.7845
siamese_pointnet,227-5,test,75512,0.1399,0.8984,0.4038,0.6093,0.92,0.6818,0.6943
siamese_pointnet,POOLED,val,7763592,0.0154,0.8346,0.0691,0.1979,0.94,,
siamese_pointnet,POOLED,test,19245754,0.0285,0.853,0.1327,0.3409,0.9,,
siamese_pointnet2,009-2,test,61508,0.0,nan,0.0,0.0,0.5,0.0,nan
siamese_pointnet2,009-3,test,56768,0.0042,0.9972,0.0714,0.6618,0.84,0.6716,0.6716
siamese_pointnet2,009-4,test,75073,0.004,0.8196,0.0356,0.0356,0.5,0.0741,0.0703
siamese_pointnet2,009-5,test,59424,0.0088,0.9504,0.0837,0.5102,0.9,0.325,0.3147
siamese_pointnet2,014-2,val,49660,0.0,nan,0.0,0.0,0.5,0.0,nan
siamese_pointnet2,014-3,val,57898,0.0026,0.9452,0.0267,0.2299,0.76,0.2677,0.2677
siamese_pointnet2,014-4,val,58069,0.0082,0.8737,0.1826,0.5636,0.74,0.6683,0.6683
siamese_pointnet2,014-5,val,56295,0.011,0.9085,0.1963,0.4991,0.9,0.3738,0.3354
siamese_pointnet2,017-2,test,101198,0.0,nan,0.0,0.0,0.5,0.0,nan
siamese_pointnet2,017-3,test,99171,0.027,0.9106,0.2146,0.2504,0.42,0.4512,0.3118
siamese_pointnet2,017-4,test,89170,0.0018,0.9957,0.0585,0.3502,0.82,0.4457,0.4457
siamese_pointnet2,017-5,test,98218,0.0036,0.9687,0.0615,0.2231,0.86,0.0716,0.19
siamese_pointnet2,018-2,test,198639,0.0,nan,0.0,0.0,0.5,0.0,nan
siamese_pointnet2,018-3,test,202230,0.021,0.3652,0.0035,0.0146,0.02,0.1027,0.0617
siamese_pointnet2,018-4,test,242224,0.0017,0.5681,0.0,0.0061,0.02,0.1617,0.1617
siamese_pointnet2,018-5,test,237330,0.0074,0.3433,0.0,0.0013,0.02,0.017,0.0116
siamese_pointnet2,019-2,test,64889,0.0053,0.9787,0.0865,0.2633,0.8,0.2732,0.2732
siamese_pointnet2,019-3,test,63654,0.0168,0.8388,0.0579,0.1283,0.36,0.3478,0.3478
siamese_pointnet2,019-4,test,63780,0.0034,0.86,0.0337,0.0423,0.68,0.0441,0.0232
siamese_pointnet2,019-5,test,72113,0.0163,0.9083,0.1848,0.2026,0.46,0.4534,0.2962
siamese_pointnet2,020-2,val,135408,0.004,0.6802,0.0009,0.0156,0.06,0.0261,0.0271
siamese_pointnet2,020-3,val,132798,0.0356,0.896,0.2464,0.3892,0.78,0.4323,0.3899
siamese_pointnet2,020-4,val,150140,0.0585,0.853,0.3387,0.3546,0.46,0.45,0.4006
siamese_pointnet2,023-2,test,208496,0.0051,0.898,0.0513,0.0952,0.92,0.1381,0.2133
siamese_pointnet2,023-3,test,238419,0.0172,0.9038,0.1893,0.19,0.52,0.3466,0.3778
siamese_pointnet2,023-4,test,247383,0.0188,0.9015,0.1903,0.1963,0.56,0.7012,0.7012
siamese_pointnet2,023-5,test,266160,0.0445,0.9372,0.394,0.417,0.64,0.6299,0.4114
siamese_pointnet2,026-2,test,85235,0.0,nan,0.0,0.0,0.5,0.0,nan
siamese_pointnet2,026-3,test,72327,0.0021,0.9763,0.0335,0.1377,0.7,0.2243,0.2243
siamese_pointnet2,026-4,test,77469,0.0065,0.9673,0.1217,0.2344,0.74,0.2213,0.1334
siamese_pointnet2,026-5,test,82172,0.0038,0.9577,0.0476,0.0971,0.68,0.1436,0.1436
siamese_pointnet2,027-2,test,93230,0.0168,0.6899,0.0,0.0741,0.04,0.0599,0.2977
siamese_pointnet2,027-3,test,90437,0.0113,0.9929,0.183,0.6373,0.86,0.6373,0.6373
siamese_pointnet2,027-4,test,100904,0.0061,0.9833,0.2094,0.5597,0.8,0.5597,0.5597
siamese_pointnet2,035-2,test,74934,0.01,0.9874,0.1991,0.5287,0.86,0.5287,0.5287
siamese_pointnet2,035-3,test,102558,0.0718,0.9589,0.5645,0.6158,0.72,0.7776,0.8295
siamese_pointnet2,035-4,test,98422,0.0146,0.9047,0.2221,0.4843,0.88,0.3364,0.3617
siamese_pointnet2,035-5,test,103171,0.0694,0.9523,0.5583,0.5873,0.64,0.5292,0.4273
siamese_pointnet2,036-2,test,167802,0.0055,0.9862,0.2867,0.3291,0.66,0.3053,0.3689
siamese_pointnet2,036-3,test,147814,0.007,0.9997,0.2851,0.9148,0.98,0.9148,0.9148
siamese_pointnet2,036-4,test,151218,0.0304,0.9643,0.5411,0.6382,0.6,0.6165,0.7715
siamese_pointnet2,036-5,test,155858,0.0339,0.9481,0.4182,0.4386,0.44,0.6611,0.7399
siamese_pointnet2,039-2,test,154177,0.0061,0.9607,0.1228,0.2794,0.7,0.3827,0.3827
siamese_pointnet2,039-5,test,164569,0.0731,0.9587,0.5686,0.6795,0.8,0.6539,0.6014
siamese_pointnet2,040-3,test,282613,0.0141,0.981,0.3161,0.5229,0.82,0.585,0.4359
siamese_pointnet2,040-4,test,277978,0.0572,0.8808,0.3084,0.3338,0.66,0.4731,0.5248
siamese_pointnet2,040-5,test,269900,0.0684,0.9385,0.541,0.6184,0.72,0.4811,0.5802
siamese_pointnet2,041-2,test,56643,0.0204,0.911,0.0069,0.2369,0.16,0.2478,0.2478
siamese_pointnet2,041-3,test,61573,0.0436,0.995,0.562,0.8728,0.76,0.8728,0.8728
siamese_pointnet2,041-4,test,57601,0.0264,0.9833,0.579,0.5846,0.54,0.5929,0.5929
siamese_pointnet2,041-5,test,62375,0.094,0.9593,0.6427,0.6728,0.64,0.6728,0.6728
siamese_pointnet2,045-2,val,71612,0.0018,0.8174,0.0,0.0154,0.04,0.042,0.042
siamese_pointnet2,045-3,val,73736,0.0009,0.8858,0.0,0.01,0.14,0.0167,0.0167
siamese_pointnet2,045-4,val,78322,0.101,0.9333,0.5796,0.6555,0.78,0.474,0.3546
siamese_pointnet2,046-2,test,77971,0.0014,0.8891,0.0,0.0186,0.18,0.0208,0.0356
siamese_pointnet2,046-3,test,78579,0.0107,0.9892,0.3108,0.5298,0.88,0.5298,0.5298
siamese_pointnet2,046-4,test,71061,0.0019,0.9237,0.0328,0.0334,0.52,0.0817,0.0817
siamese_pointnet2,046-5,test,67519,0.0184,0.9636,0.3565,0.3889,0.72,0.2845,0.2106
siamese_pointnet2,047-2,val,96643,0.0033,0.6651,0.0,0.0168,0.02,0.0579,0.0579
siamese_pointnet2,047-3,val,115977,0.0008,0.9991,0.0792,0.5141,0.82,0.6244,0.6244
siamese_pointnet2,047-5,val,123115,0.0096,0.9073,0.1032,0.1113,0.4,0.1223,0.3188
siamese_pointnet2,048-2,val,210820,0.0019,0.7771,0.0097,0.0101,0.44,0.0204,0.04
siamese_pointnet2,048-3,val,218959,0.0028,0.65,0.0043,0.0114,0.2,0.0701,0.1664
siamese_pointnet2,048-4,val,230039,0.0031,0.7554,0.0119,0.015,0.36,0.1004,0.1768
siamese_pointnet2,048-5,val,226799,0.005,0.8188,0.0305,0.0438,0.7,0.0615,0.1338
siamese_pointnet2,049-2,test,148058,0.003,0.9708,0.1229,0.1573,0.46,0.174,0.2062
siamese_pointnet2,049-5,test,162691,0.0055,0.9958,0.2296,0.7787,0.98,0.7787,0.7787
siamese_pointnet2,053-2,test,304383,0.0,nan,0.0,0.0,0.5,0.0,nan
siamese_pointnet2,053-3,test,312314,0.0148,0.973,0.2367,0.4829,0.76,0.5913,0.5913
siamese_pointnet2,053-4,test,299755,0.028,0.9334,0.3078,0.3965,0.84,0.5776,0.5105
siamese_pointnet2,053-5,test,301047,0.0318,0.9762,0.331,0.5929,0.84,0.6615,0.6497
siamese_pointnet2,055-2,test,92714,0.0041,0.9137,0.0534,0.0637,0.58,0.0647,0.0647
siamese_pointnet2,055-4,test,85113,0.0049,0.8989,0.057,0.0749,0.62,0.0638,0.0494
siamese_pointnet2,055-5,test,87859,0.0093,0.8982,0.1242,0.1451,0.54,0.0981,0.0999
siamese_pointnet2,059-3,val,127538,0.0045,0.9168,0.0297,0.0669,0.38,0.1073,0.1073
siamese_pointnet2,064-2,val,101898,0.0018,0.7969,0.0,0.0123,0.02,0.0465,0.0465
siamese_pointnet2,064-3,val,95651,0.0291,0.9922,0.4933,0.8359,0.9,0.8369,0.8369
siamese_pointnet2,064-4,val,92139,0.0069,0.9397,0.2708,0.6957,0.92,0.1104,0.4224
siamese_pointnet2,064-5,val,111671,0.033,0.9737,0.3395,0.6289,0.98,0.6674,0.5774
siamese_pointnet2,065-2,test,54020,0.0004,0.7396,0.0,0.0024,0.14,0.0024,0.0024
siamese_pointnet2,065-3,test,58220,0.0078,0.982,0.2582,0.3284,0.54,0.3284,0.3284
siamese_pointnet2,065-4,test,56762,0.0011,0.6579,0.0,0.0057,0.1,0.0058,0.0058
siamese_pointnet2,065-5,test,56343,0.0086,0.9518,0.0916,0.1814,0.4,0.1814,0.1814
siamese_pointnet2,067-2,test,160533,0.0,nan,0.0,0.0,0.5,0.0,nan
siamese_pointnet2,067-4,test,169239,0.0191,0.9294,0.1897,0.4249,0.94,0.0936,0.2366
siamese_pointnet2,067-5,test,194913,0.0163,0.9809,0.2017,0.5988,0.92,0.7123,0.7659
siamese_pointnet2,068-2,val,105643,0.0028,0.9657,0.0,0.1299,0.22,0.1996,0.1996
siamese_pointnet2,068-3,val,111731,0.0005,0.9777,0.0171,0.0303,0.28,0.0763,0.0763
siamese_pointnet2,068-4,val,114099,0.0033,0.817,0.0362,0.0849,0.34,0.0059,0.0834
siamese_pointnet2,068-5,val,118999,0.0057,0.7884,0.0838,0.1339,0.16,0.0418,0.0919
siamese_pointnet2,071-2,test,316378,0.0091,0.9636,0.1939,0.4348,0.8,0.1629,0.2467
siamese_pointnet2,071-3,test,324895,0.0015,0.9925,0.0269,0.6449,0.98,0.0626,0.3363
siamese_pointnet2,071-4,test,310519,0.047,0.9298,0.4232,0.4783,0.68,0.6995,0.643
siamese_pointnet2,071-5,test,319535,0.0437,0.9187,0.3605,0.4346,0.74,0.6167,0.625
siamese_pointnet2,076-2,val,73647,0.0093,0.9192,0.098,0.2267,0.76,0.742,0.742
siamese_pointnet2,076-3,val,73100,0.0074,0.9815,0.1064,0.5068,0.92,0.5068,0.5068
siamese_pointnet2,076-5,val,100023,0.0203,0.9216,0.1541,0.6165,0.9,0.7539,0.7426
siamese_pointnet2,083-2,val,123545,0.0,0.9329,0.0012,0.0012,0.5,0.0069,0.0069
siamese_pointnet2,083-3,val,136060,0.0159,0.9693,0.1669,0.5407,0.88,0.5602,0.5377
siamese_pointnet2,083-4,val,121555,0.0088,0.9361,0.0824,0.3676,0.96,0.4179,0.4218
siamese_pointnet2,083-5,val,119507,0.0244,0.9723,0.2593,0.5553,0.88,0.6406,0.5829
siamese_pointnet2,085-2,test,93259,0.0028,0.955,0.0533,0.0753,0.78,0.0965,0.1408
siamese_pointnet2,085-3,test,100300,0.0201,0.9886,0.2863,0.7101,0.96,0.7101,0.7101
siamese_pointnet2,085-4,test,104322,0.3033,0.9477,0.7305,0.8002,0.08,0.8154,0.8078
siamese_pointnet2,085-5,test,117449,0.2596,0.9127,0.5866,0.7153,0.02,0.7485,0.7417
siamese_pointnet2,106-2,test,66904,0.0342,0.435,0.0,0.0782,0.02,0.0899,0.0871
siamese_pointnet2,106-3,test,70965,0.0268,0.6161,0.0295,0.0759,0.1,0.0773,0.0768
siamese_pointnet2,106-4,test,75155,0.029,0.6307,0.0797,0.0892,0.56,0.0804,0.1453
siamese_pointnet2,106-5,test,67337,0.049,0.7316,0.0729,0.1696,0.08,0.1755,0.212
siamese_pointnet2,111-2,test,102272,0.0,nan,0.0,0.0,0.5,0.0,nan
siamese_pointnet2,111-3,test,104394,0.0194,0.9975,0.1873,0.8277,0.96,0.8541,0.8462
siamese_pointnet2,111-4,test,103645,0.0208,0.8943,0.1478,0.3394,0.92,0.2452,0.3091
siamese_pointnet2,111-5,test,128537,0.0296,0.9892,0.3361,0.6866,0.92,0.7096,0.7327
siamese_pointnet2,115-3,val,122885,0.0042,0.9941,0.0859,0.5834,0.9,0.6869,0.6409
siamese_pointnet2,115-4,val,106744,0.0052,0.8985,0.0512,0.475,0.88,0.475,0.475
siamese_pointnet2,115-5,val,126310,0.0035,0.8301,0.0239,0.0548,0.8,0.0645,0.0604
siamese_pointnet2,119-2,test,79312,0.0011,0.8757,0.0077,0.0123,0.44,0.0147,0.1504
siamese_pointnet2,119-3,test,72622,0.0123,0.9911,0.1442,0.7255,0.86,0.787,0.787
siamese_pointnet2,119-4,test,77498,0.0304,0.8989,0.1885,0.2864,0.74,0.292,0.292
siamese_pointnet2,119-5,test,77915,0.0447,0.9067,0.2896,0.5691,0.78,0.3981,0.2555
siamese_pointnet2,120-2,test,135502,0.0068,0.9513,0.0989,0.2105,0.78,0.3303,0.3303
siamese_pointnet2,120-3,test,131968,0.0121,0.9918,0.2429,0.7125,0.98,0.6957,0.6446
siamese_pointnet2,120-4,test,151062,0.0204,0.9265,0.2751,0.3905,0.78,0.5655,0.5862
siamese_pointnet2,120-5,test,135797,0.0378,0.9539,0.4418,0.5039,0.7,0.5509,0.5488
siamese_pointnet2,123-2,test,62346,0.0001,0.7469,0.0,0.0008,0.06,0.0014,0.0014
siamese_pointnet2,123-3,test,64323,0.0048,0.9647,0.1742,0.2976,0.68,0.3177,0.3177
siamese_pointnet2,123-4,test,64036,0.0142,0.9773,0.2992,0.4826,0.7,0.5592,0.5531
siamese_pointnet2,123-5,test,62612,0.0158,0.9592,0.2595,0.3315,0.68,0.4335,0.4146
siamese_pointnet2,133-2,val,47343,0.0362,0.8909,0.2295,0.2617,0.36,0.2643,0.2643
siamese_pointnet2,133-3,val,49070,0.0061,0.5933,0.0014,0.0221,0.34,0.0255,0.0255
siamese_pointnet2,133-4,val,35336,0.0445,0.8924,0.2014,0.4072,0.78,0.4077,0.4077
siamese_pointnet2,133-5,val,48435,0.0831,0.9126,0.3287,0.5123,0.74,0.5123,0.5123
siamese_pointnet2,140-2,val,75761,0.0,nan,0.0,0.0,0.5,0.0,nan
siamese_pointnet2,140-3,val,90049,0.0011,0.9842,0.075,0.1271,0.44,0.1284,0.1284
siamese_pointnet2,147-2,test,95182,0.0141,0.9138,0.146,0.146,0.5,0.2276,0.2056
siamese_pointnet2,147-3,test,120938,0.015,0.9101,0.1338,0.4287,0.9,0.2001,0.3737
siamese_pointnet2,147-4,test,104749,0.0379,0.9071,0.2413,0.437,0.8,0.4762,0.6306
siamese_pointnet2,147-5,test,112934,0.018,0.8267,0.1128,0.2984,0.86,0.3934,0.4099
siamese_pointnet2,148-2,test,67936,0.0009,0.8805,0.0095,0.0111,0.48,0.0111,0.0111
siamese_pointnet2,148-3,test,82277,0.0007,0.9699,0.0076,0.0707,0.76,0.0707,0.0707
siamese_pointnet2,148-4,test,85006,0.0132,0.9401,0.1441,0.2057,0.66,0.2057,0.2057
siamese_pointnet2,148-5,test,77488,0.0194,0.9567,0.1688,0.5222,0.7,0.5222,0.5222
siamese_pointnet2,151-2,test,122036,0.0195,0.9675,0.4136,0.5385,0.6,0.6699,0.6699
siamese_pointnet2,151-3,test,128829,0.0007,0.9468,0.0134,0.0183,0.56,0.0195,0.0195
siamese_pointnet2,151-4,test,128972,0.0028,0.8164,0.0,0.024,0.18,0.1188,0.1188
siamese_pointnet2,151-5,test,136546,0.02,0.9386,0.2894,0.2973,0.52,0.3206,0.4357
siamese_pointnet2,152-2,test,101059,0.0056,0.9731,0.0167,0.2423,0.4,0.247,0.247
siamese_pointnet2,152-3,test,104503,0.0072,0.8946,0.0,0.0763,0.16,0.0763,0.0928
siamese_pointnet2,152-4,test,96662,0.0176,0.8926,0.1402,0.1584,0.16,0.189,0.1868
siamese_pointnet2,152-5,test,104491,0.0265,0.8792,0.0127,0.216,0.04,0.216,0.2059
siamese_pointnet2,153-4,test,75291,0.01,0.8554,0.0224,0.1045,0.28,0.1117,0.1298
siamese_pointnet2,153-5,test,90440,0.0345,0.9661,0.484,0.5586,0.7,0.5662,0.5281
siamese_pointnet2,154-2,val,121454,0.0017,0.897,0.0146,0.0272,0.76,0.1954,0.1954
siamese_pointnet2,154-3,val,149699,0.0015,0.9324,0.0222,0.0559,0.86,0.1269,0.1269
siamese_pointnet2,154-4,val,121666,0.0144,0.8666,0.1197,0.1243,0.46,0.336,0.336
siamese_pointnet2,154-5,val,155796,0.0107,0.9069,0.0574,0.1192,0.28,0.1322,0.1195
siamese_pointnet2,172-2,val,52535,0.0,nan,0.0,0.0,0.5,0.0,nan
siamese_pointnet2,172-3,val,64673,0.0181,0.927,0.1792,0.2922,0.8,0.5584,0.5151
siamese_pointnet2,172-4,val,66296,0.0614,0.9646,0.3906,0.5836,0.96,0.5933,0.5358
siamese_pointnet2,172-5,val,64764,0.0731,0.9774,0.5152,0.6953,0.92,0.7156,0.7827
siamese_pointnet2,175-2,test,64969,0.0062,0.8702,0.0439,0.0572,0.28,0.0573,0.0573
siamese_pointnet2,175-3,test,73915,0.0079,0.9992,0.1802,0.8279,0.98,0.8279,0.8279
siamese_pointnet2,175-4,test,75080,0.0441,0.977,0.3827,0.5898,0.96,0.5898,0.5898
siamese_pointnet2,177-2,test,31647,0.0018,0.8632,0.0066,0.0256,0.7,0.0256,0.0256
siamese_pointnet2,177-3,test,36990,0.0057,0.9168,0.0731,0.2028,0.74,0.2028,0.2028
siamese_pointnet2,177-4,test,38872,0.0042,0.6532,0.0,0.0178,0.04,0.0194,0.0194
siamese_pointnet2,177-5,test,43632,0.0079,0.8941,0.052,0.4684,0.96,0.4962,0.4962
siamese_pointnet2,178-2,val,94207,0.0147,0.9218,0.0655,0.1776,0.28,0.1877,0.2572
siamese_pointnet2,178-3,val,94285,0.0039,0.9956,0.0881,0.6718,0.94,0.7979,0.7979
siamese_pointnet2,178-4,val,90476,0.0235,0.9479,0.2993,0.3478,0.7,0.5432,0.5508
siamese_pointnet2,178-5,val,91002,0.0414,0.954,0.4433,0.5018,0.68,0.5239,0.4764
siamese_pointnet2,183-2,val,64107,0.0006,0.9901,0.0629,0.0731,0.56,0.2073,0.2073
siamese_pointnet2,183-3,val,81072,0.0142,0.9612,0.3638,0.4651,0.72,0.4675,0.4675
siamese_pointnet2,183-4,val,70055,0.0169,0.8902,0.0224,0.1576,0.22,0.1874,0.1874
siamese_pointnet2,183-5,val,79649,0.0223,0.9535,0.3103,0.3194,0.48,0.2314,0.2504
siamese_pointnet2,187-2,val,75403,0.0155,0.8724,0.0669,0.2003,0.12,0.2116,0.2122
siamese_pointnet2,187-3,val,76320,0.0061,0.9925,0.238,0.4383,0.84,0.4474,0.4474
siamese_pointnet2,187-4,val,64839,0.0212,0.9956,0.6655,0.7587,0.62,0.8179,0.8179
siamese_pointnet2,187-5,val,80597,0.0186,0.9628,0.3473,0.3742,0.4,0.2396,0.3219
siamese_pointnet2,189-2,val,102100,0.0081,0.9549,0.0567,0.1692,0.2,0.1974,0.1974
siamese_pointnet2,189-3,val,104340,0.005,0.9933,0.269,0.4704,0.68,0.4734,0.4734
siamese_pointnet2,189-4,val,98152,0.0077,0.9923,0.3186,0.5855,0.82,0.5306,0.3609
siamese_pointnet2,189-5,val,113111,0.0176,0.9764,0.5436,0.5542,0.56,0.5838,0.5903
siamese_pointnet2,190-2,test,228897,0.0059,0.9494,0.1232,0.1367,0.56,0.6256,0.6081
siamese_pointnet2,190-3,test,219197,0.0141,0.9928,0.4774,0.7598,0.86,0.8492,0.8463
siamese_pointnet2,190-4,test,258749,0.2217,0.8601,0.5877,0.6801,0.2,0.8751,0.5886
siamese_pointnet2,190-5,test,230686,0.2322,0.8213,0.6176,0.6663,0.16,0.7981,0.4498
siamese_pointnet2,191-2,test,95762,0.003,0.9959,0.0,0.7345,0.16,0.758,0.758
siamese_pointnet2,191-3,test,108006,0.001,0.7737,0.0,0.0035,0.02,0.0045,0.0045
siamese_pointnet2,191-4,test,103067,0.011,0.9988,0.815,0.8344,0.66,0.8344,0.8344
siamese_pointnet2,191-5,test,119644,0.005,0.9725,0.1363,0.2069,0.78,0.2077,0.2077
siamese_pointnet2,196-2,test,70429,0.0,nan,0.0,0.0,0.5,0.0,nan
siamese_pointnet2,196-3,test,82246,0.0269,0.9858,0.48,0.6029,0.72,0.6236,0.6236
siamese_pointnet2,196-4,test,79011,0.0388,0.9883,0.3533,0.704,0.88,0.704,0.704
siamese_pointnet2,196-5,test,103000,0.0617,0.9768,0.5479,0.7195,0.8,0.7427,0.7427
siamese_pointnet2,197-2,test,103902,0.0003,0.955,0.0054,0.0097,0.66,0.0735,0.0735
siamese_pointnet2,197-3,test,98673,0.0027,0.9904,0.0739,0.2668,0.76,0.4725,0.4725
siamese_pointnet2,197-4,test,96762,0.0104,0.957,0.1885,0.3622,0.78,0.3743,0.3743
siamese_pointnet2,197-5,test,122383,0.0139,0.9673,0.274,0.3406,0.72,0.5533,0.5533
siamese_pointnet2,198-3,test,145104,0.0729,0.9661,0.5573,0.6731,0.8,0.8786,0.8822
siamese_pointnet2,198-4,test,164533,0.1131,0.8914,0.4439,0.5071,0.28,0.7085,0.6069
siamese_pointnet2,198-5,test,158470,0.1394,0.9669,0.7902,0.7966,0.42,0.8497,0.854
siamese_pointnet2,202-2,val,110347,0.0129,0.7842,0.0394,0.0756,0.38,0.1353,0.1353
siamese_pointnet2,202-3,val,104028,0.0021,0.8333,0.0118,0.0154,0.4,0.0171,0.0171
siamese_pointnet2,202-4,val,109424,0.0684,0.9122,0.3245,0.4721,0.86,0.4955,0.4955
siamese_pointnet2,202-5,val,94786,0.0817,0.9493,0.5479,0.6065,0.7,0.607,0.5848
siamese_pointnet2,211-2,val,93055,0.0024,0.8059,0.011,0.0442,0.72,0.0753,0.0842
siamese_pointnet2,211-3,val,85773,0.0,nan,0.0,0.0,0.5,0.0,nan
siamese_pointnet2,211-4,val,87637,0.0033,0.9995,0.0484,0.7903,0.92,0.7903,0.7903
siamese_pointnet2,211-5,val,94849,0.0056,0.9032,0.0413,0.2299,0.9,0.0637,0.2576
siamese_pointnet2,212-2,test,105349,0.0116,0.874,0.1173,0.2217,0.78,0.2307,0.1846
siamese_pointnet2,212-3,test,95165,0.0008,0.9761,0.0316,0.0502,0.68,0.0502,0.0502
siamese_pointnet2,212-4,test,106672,0.0024,0.9331,0.0387,0.0395,0.52,0.079,0.079
siamese_pointnet2,212-5,test,107577,0.0137,0.9412,0.197,0.4116,0.76,0.3692,0.2776
siamese_pointnet2,216-2,test,64436,0.0025,0.8924,0.0,0.0353,0.04,0.0364,0.0364
siamese_pointnet2,216-3,test,61493,0.0021,0.944,0.0,0.0444,0.12,0.0444,0.0444
siamese_pointnet2,216-4,test,65652,0.0011,0.8966,0.0,0.0178,0.04,0.0178,0.0178
siamese_pointnet2,216-5,test,66564,0.0033,0.9417,0.3433,0.4221,0.44,0.4221,0.4221
siamese_pointnet2,218-2,test,102100,0.0013,0.9099,0.0,0.0173,0.12,0.066,0.066
siamese_pointnet2,218-3,test,104340,0.0045,0.9968,0.1343,0.5859,0.86,0.5859,0.5859
siamese_pointnet2,218-4,test,98152,0.0084,0.9851,0.1299,0.467,0.88,0.4296,0.3376
siamese_pointnet2,218-5,test,113112,0.0137,0.994,0.6028,0.753,0.74,0.7609,0.7578
siamese_pointnet2,220-2,val,68027,0.0,nan,0.0,0.0,0.5,0.0,nan
siamese_pointnet2,220-3,val,63876,0.0134,0.9701,0.1354,0.4283,0.94,0.4283,0.4283
siamese_pointnet2,220-4,val,79747,0.0619,0.9727,0.4036,0.6657,0.92,0.6673,0.6513
siamese_pointnet2,220-5,val,80416,0.0768,0.9465,0.4658,0.5813,0.94,0.6338,0.6778
siamese_pointnet2,221-2,test,111301,0.0005,0.9826,0.0132,0.0348,0.68,0.0602,0.0602
siamese_pointnet2,221-3,test,125072,0.0019,0.9831,0.0488,0.2847,0.82,0.2943,0.2943
siamese_pointnet2,221-4,test,114725,0.0066,0.9904,0.1342,0.6235,0.9,0.6988,0.6988
siamese_pointnet2,221-5,test,132061,0.009,0.981,0.2636,0.709,0.84,0.214,0.4886
siamese_pointnet2,222-2,test,126364,0.0012,0.8976,0.0025,0.0181,0.32,0.0211,0.0211
siamese_pointnet2,222-3,test,123892,0.0015,0.9959,0.0362,0.5741,0.88,0.6442,0.6442
siamese_pointnet2,222-4,test,140447,0.0075,0.9984,0.1121,0.7131,0.96,0.8344,0.8193
siamese_pointnet2,222-5,test,143030,0.0059,0.996,0.0751,0.7663,0.98,0.6693,0.5786
siamese_pointnet2,227-2,test,44010,0.0207,0.1705,0.0,0.0,0.5,0.0,0.0
siamese_pointnet2,227-3,test,59217,0.0659,0.9528,0.3517,0.5615,0.76,0.7433,0.7566
siamese_pointnet2,227-4,test,73766,0.0917,0.9119,0.5017,0.5141,0.54,0.551,0.7385
siamese_pointnet2,227-5,test,75512,0.1399,0.8593,0.5294,0.5357,0.56,0.55,0.7015
siamese_pointnet2,POOLED,val,7763592,0.0154,0.9255,0.178,0.3986,0.86,,
siamese_pointnet2,POOLED,test,19245754,0.0285,0.8959,0.2941,0.4104,0.78,,
siamgcn,009-2,test,61508,0.0,nan,0.0,0.0,0.5,0.0,nan
siamgcn,009-3,test,56768,0.0042,0.9881,0.0652,0.3523,0.8,0.5683,0.5683
siamgcn,009-4,test,75073,0.004,0.7572,0.01,0.0244,0.38,0.05,0.045
siamgcn,009-5,test,59424,0.0088,0.9132,0.0747,0.4698,0.88,0.1616,0.2883
siamgcn,014-2,val,49660,0.0,nan,0.0,0.0,0.5,0.0,nan
siamgcn,014-3,val,57898,0.0026,0.9756,0.0194,0.2778,0.84,0.2778,0.2778
siamgcn,014-4,val,58069,0.0082,0.817,0.0956,0.3733,0.82,0.3733,0.3733
siamgcn,014-5,val,56295,0.011,0.8617,0.0775,0.38,0.9,0.1442,0.25
siamgcn,017-2,test,101198,0.0,nan,0.0,0.0,0.5,0.0,nan
siamgcn,017-3,test,99171,0.027,0.7141,0.0211,0.1065,0.14,0.2652,0.1895
siamgcn,017-4,test,89170,0.0018,0.7638,0.0008,0.0097,0.22,0.0507,0.0507
siamgcn,017-5,test,98218,0.0036,0.7917,0.0,0.0213,0.18,0.0271,0.0289
siamgcn,018-2,test,198639,0.0,nan,0.0,0.0,0.5,0.0,nan
siamgcn,018-3,test,202230,0.021,0.5551,0.0074,0.0639,0.04,0.1553,0.1661
siamgcn,018-4,test,242224,0.0017,0.73,0.0,0.009,0.02,0.0302,0.0302
siamgcn,018-5,test,237330,0.0074,0.5203,0.0,0.0311,0.06,0.0855,0.0468
siamgcn,019-2,test,64889,0.0053,0.7705,0.0,0.0309,0.24,0.0393,0.0393
siamgcn,019-3,test,63654,0.0168,0.681,0.0,0.0703,0.2,0.4182,0.4182
siamgcn,019-4,test,63780,0.0034,0.5502,0.0,0.0103,0.1,0.0119,0.0099
siamgcn,019-5,test,72113,0.0163,0.7651,0.0,0.0852,0.2,0.0519,0.0906
siamgcn,020-2,val,135408,0.004,0.8642,0.0209,0.0387,0.82,0.0555,0.0573
siamgcn,020-3,val,132798,0.0356,0.7722,0.1146,0.4281,0.96,0.5128,0.4099
siamgcn,020-4,val,150140,0.0585,0.8399,0.1914,0.367,0.86,0.3645,0.3518
siamgcn,023-2,test,208496,0.0051,0.9551,0.0674,0.1195,0.78,0.1497,0.2342
siamgcn,023-3,test,238419,0.0172,0.9416,0.1869,0.2859,0.8,0.3481,0.3359
siamgcn,023-4,test,247383,0.0188,0.9848,0.2316,0.5834,0.84,0.7595,0.7595
siamgcn,023-5,test,266160,0.0445,0.9165,0.422,0.4841,0.62,0.504,0.3881
siamgcn,026-2,test,85235,0.0,nan,0.0,0.0,0.5,0.0,nan
siamgcn,026-3,test,72327,0.0021,0.9807,0.0192,0.1194,0.7,0.2642,0.2642
siamgcn,026-4,test,77469,0.0065,0.6794,0.0196,0.0375,0.58,0.0446,0.0268
siamgcn,026-5,test,82172,0.0038,0.8317,0.0294,0.0369,0.48,0.085,0.085
siamgcn,027-2,test,93230,0.0168,0.4963,0.0,0.0515,0.02,0.041,0.1872
siamgcn,027-3,test,90437,0.0113,0.9907,0.1182,0.7157,0.86,0.7157,0.7157
siamgcn,027-4,test,100904,0.0061,0.9493,0.0737,0.3147,0.84,0.3147,0.3147
siamgcn,035-2,test,74934,0.01,0.8807,0.0822,0.0933,0.4,0.094,0.094
siamgcn,035-3,test,102558,0.0718,0.8952,0.356,0.5698,0.66,0.7354,0.8088
siamgcn,035-4,test,98422,0.0146,0.7149,0.041,0.1291,0.72,0.0592,0.2833
siamgcn,035-5,test,103171,0.0694,0.8795,0.4098,0.6698,0.72,0.3927,0.3514
siamgcn,036-2,test,167802,0.0055,0.9939,0.4348,0.4872,0.6,0.4201,0.4214
siamgcn,036-3,test,147814,0.007,0.8789,0.1149,0.3961,0.74,0.9526,0.9526
siamgcn,036-4,test,151218,0.0304,0.931,0.2875,0.3501,0.78,0.3965,0.7247
siamgcn,036-5,test,155858,0.0339,0.9059,0.4968,0.5004,0.56,0.7139,0.7279
siamgcn,039-2,test,154177,0.0061,0.8306,0.0547,0.0653,0.56,0.1366,0.1366
siamgcn,039-5,test,164569,0.0731,0.9372,0.5646,0.6038,0.68,0.6177,0.6566
siamgcn,040-3,test,282613,0.0141,0.81,0.1063,0.5783,0.86,0.1826,0.3801
siamgcn,040-4,test,277978,0.0572,0.9153,0.3963,0.5573,0.74,0.404,0.4406
siamgcn,040-5,test,269900,0.0684,0.9322,0.4592,0.5732,0.8,0.5713,0.5925
siamgcn,041-2,test,56643,0.0204,0.8803,0.1708,0.1719,0.48,0.1719,0.1719
siamgcn,041-3,test,61573,0.0436,0.9739,0.298,0.5782,0.76,0.5848,0.5848
siamgcn,041-4,test,57601,0.0264,0.9656,0.2757,0.5859,0.72,0.5859,0.5859
siamgcn,041-5,test,62375,0.094,0.9707,0.5937,0.7019,0.66,0.7019,0.7019
siamgcn,045-2,val,71612,0.0018,0.9135,0.0077,0.0435,0.68,0.0435,0.0435
siamgcn,045-3,val,73736,0.0009,0.9946,0.0575,0.2187,0.58,0.224,0.224
siamgcn,045-4,val,78322,0.101,0.9329,0.6096,0.6613,0.7,0.3653,0.3476
siamgcn,046-2,test,77971,0.0014,0.6827,0.0,0.0061,0.12,0.01,0.0148
siamgcn,046-3,test,78579,0.0107,0.9285,0.2952,0.3602,0.56,0.6775,0.6775
siamgcn,046-4,test,71061,0.0019,0.8875,0.0,0.0225,0.42,0.0268,0.0268
siamgcn,046-5,test,67519,0.0184,0.8117,0.0937,0.1251,0.42,0.2948,0.2485
siamgcn,047-2,val,96643,0.0033,0.8753,0.0,0.0363,0.46,0.102,0.102
siamgcn,047-3,val,115977,0.0008,0.9417,0.0087,0.019,0.66,0.6096,0.6096
siamgcn,047-5,val,123115,0.0096,0.9095,0.0751,0.239,0.74,0.1984,0.2991
siamgcn,048-2,val,210820,0.0019,0.6242,0.0,0.0068,0.16,0.0196,0.0199
siamgcn,048-3,val,218959,0.0028,0.5686,0.0,0.0086,0.18,0.0373,0.0412
siamgcn,048-4,val,230039,0.0031,0.442,0.0023,0.0083,0.08,0.1172,0.1383
siamgcn,048-5,val,226799,0.005,0.4755,0.0064,0.0113,0.06,0.0269,0.0319
siamgcn,049-2,test,148058,0.003,0.8764,0.0158,0.0512,0.72,0.1324,0.1838
siamgcn,049-5,test,162691,0.0055,0.885,0.0558,0.0606,0.56,0.7372,0.7372
siamgcn,053-2,test,304383,0.0,nan,0.0,0.0,0.5,0.0,nan
siamgcn,053-3,test,312314,0.0148,0.9584,0.1668,0.5207,0.82,0.6018,0.6018
siamgcn,053-4,test,299755,0.028,0.9553,0.2607,0.5349,0.82,0.5826,0.616
siamgcn,053-5,test,301047,0.0318,0.965,0.3249,0.5793,0.8,0.6671,0.6848
siamgcn,055-2,test,92714,0.0041,0.9467,0.0263,0.1015,0.92,0.1015,0.1015
siamgcn,055-4,test,85113,0.0049,0.8214,0.0219,0.0585,0.84,0.0389,0.0349
siamgcn,055-5,test,87859,0.0093,0.8566,0.0484,0.1362,0.84,0.0945,0.0867
siamgcn,059-3,val,127538,0.0045,0.9924,0.0577,0.4264,0.82,0.457,0.457
siamgcn,064-2,val,101898,0.0018,0.5624,0.0,0.008,0.06,0.0158,0.0158
siamgcn,064-3,val,95651,0.0291,0.9486,0.4247,0.8261,0.74,0.8263,0.8257
siamgcn,064-4,val,92139,0.0069,0.3562,0.0,0.0089,0.08,0.0164,0.0083
siamgcn,064-5,val,111671,0.033,0.9335,0.2412,0.6585,0.84,0.7659,0.7876
siamgcn,065-2,test,54020,0.0004,0.0947,0.0,0.0008,0.04,0.0011,0.0011
siamgcn,065-3,test,58220,0.0078,0.3894,0.0,0.0174,0.06,0.0258,0.0258
siamgcn,065-4,test,56762,0.0011,0.159,0.0,0.0016,0.02,0.0024,0.0024
siamgcn,065-5,test,56343,0.0086,0.224,0.0,0.0185,0.02,0.0265,0.0265
siamgcn,067-2,test,160533,0.0,nan,0.0,0.0,0.5,0.0,nan
siamgcn,067-4,test,169239,0.0191,0.9449,0.2264,0.3582,0.98,0.1559,0.2081
siamgcn,067-5,test,194913,0.0163,0.9773,0.2071,0.6233,0.94,0.6742,0.698
siamgcn,068-2,val,105643,0.0028,0.9276,0.0,0.0473,0.34,0.0504,0.0504
siamgcn,068-3,val,111731,0.0005,0.744,0.0,0.0033,0.1,0.01,0.01
siamgcn,068-4,val,114099,0.0033,0.9127,0.0139,0.075,0.38,0.0303,0.0582
siamgcn,068-5,val,118999,0.0057,0.8467,0.005,0.0748,0.42,0.0418,0.063
siamgcn,071-2,test,316378,0.0091,0.6375,0.012,0.036,0.1,0.0839,0.1303
siamgcn,071-3,test,324895,0.0015,0.9802,0.0155,0.1124,0.92,0.2064,0.3554
siamgcn,071-4,test,310519,0.047,0.8771,0.2358,0.4215,0.9,0.5902,0.5984
siamgcn,071-5,test,319535,0.0437,0.8716,0.2274,0.3896,0.9,0.5625,0.624
siamgcn,076-2,val,73647,0.0093,0.6967,0.015,0.036,0.24,0.1952,0.1952
siamgcn,076-3,val,73100,0.0074,0.8615,0.0592,0.0619,0.44,0.0723,0.0723
siamgcn,076-5,val,100023,0.0203,0.8254,0.0893,0.2651,0.84,0.2004,0.4023
siamgcn,083-2,val,123545,0.0,0.8567,0.0005,0.0006,0.52,0.0071,0.0071
siamgcn,083-3,val,136060,0.0159,0.9143,0.1537,0.205,0.9,0.5334,0.5388
siamgcn,083-4,val,121555,0.0088,0.9278,0.101,0.2716,0.86,0.3709,0.3671
siamgcn,083-5,val,119507,0.0244,0.9395,0.2574,0.3084,0.62,0.5745,0.4745
siamgcn,085-2,test,93259,0.0028,0.7408,0.0144,0.0327,0.72,0.0278,0.0326
siamgcn,085-3,test,100300,0.0201,0.9639,0.2456,0.5237,0.7,0.5257,0.5257
siamgcn,085-4,test,104322,0.3033,0.9443,0.7184,0.8236,0.38,0.8293,0.8118
siamgcn,085-5,test,117449,0.2596,0.942,0.7335,0.7903,0.36,0.8123,0.8063
siamgcn,106-2,test,66904,0.0342,0.5669,0.0,0.1008,0.02,0.1028,0.1257
siamgcn,106-3,test,70965,0.0268,0.5308,0.0,0.0758,0.02,0.0795,0.0933
siamgcn,106-4,test,75155,0.029,0.4014,0.0,0.0512,0.02,0.0521,0.0471
siamgcn,106-5,test,67337,0.049,0.534,0.0102,0.1175,0.04,0.1191,0.1415
siamgcn,111-2,test,102272,0.0,nan,0.0,0.0,0.5,0.0,nan
siamgcn,111-3,test,104394,0.0194,0.967,0.3635,0.7457,0.7,0.758,0.7305
siamgcn,111-4,test,103645,0.0208,0.8611,0.0942,0.1466,0.32,0.0876,0.1899
siamgcn,111-5,test,128537,0.0296,0.9343,0.2944,0.6629,0.72,0.6775,0.6781
siamgcn,115-3,val,122885,0.0042,0.852,0.0374,0.0587,0.84,0.3593,0.4516
siamgcn,115-4,val,106744,0.0052,0.9178,0.037,0.4923,0.96,0.4923,0.4923
siamgcn,115-5,val,126310,0.0035,0.8094,0.0187,0.032,0.74,0.043,0.0855
siamgcn,119-2,test,79312,0.0011,0.6114,0.0005,0.0047,0.32,0.0045,0.0808
siamgcn,119-3,test,72622,0.0123,0.8859,0.087,0.302,0.94,0.302,0.302
siamgcn,119-4,test,77498,0.0304,0.8438,0.1686,0.1812,0.98,0.1812,0.1812
siamgcn,119-5,test,77915,0.0447,0.8981,0.2864,0.3166,0.92,0.1937,0.2411
siamgcn,120-2,test,135502,0.0068,0.9307,0.0821,0.1079,0.82,0.1528,0.1528
siamgcn,120-3,test,131968,0.0121,0.9939,0.1069,0.7705,0.98,0.7962,0.7729
siamgcn,120-4,test,151062,0.0204,0.8388,0.0678,0.1371,0.26,0.3934,0.381
siamgcn,120-5,test,135797,0.0378,0.7155,0.1242,0.1727,0.88,0.2981,0.3244
siamgcn,123-2,test,62346,0.0001,0.6383,0.0,0.0006,0.18,0.0011,0.0011
siamgcn,123-3,test,64323,0.0048,0.842,0.0603,0.528,0.94,0.528,0.528
siamgcn,123-4,test,64036,0.0142,0.8432,0.1198,0.1249,0.52,0.2375,0.2578
siamgcn,123-5,test,62612,0.0158,0.8752,0.2134,0.3079,0.7,0.4163,0.419
siamgcn,133-2,val,47343,0.0362,0.7516,0.1255,0.1528,0.42,0.1559,0.1559
siamgcn,133-3,val,49070,0.0061,0.5448,0.0054,0.0202,0.2,0.0216,0.0216
siamgcn,133-4,val,35336,0.0445,0.7535,0.1816,0.1867,0.52,0.2084,0.2084
siamgcn,133-5,val,48435,0.0831,0.7486,0.2753,0.2801,0.42,0.283,0.283
siamgcn,140-2,val,75761,0.0,nan,0.0,0.0,0.5,0.0,nan
siamgcn,140-3,val,90049,0.0011,0.9742,0.0,0.058,0.32,0.144,0.144
siamgcn,147-2,test,95182,0.0141,0.8424,0.0966,0.0966,0.5,0.1575,0.1841
siamgcn,147-3,test,120938,0.015,0.9093,0.1383,0.2748,0.9,0.3259,0.3406
siamgcn,147-4,test,104749,0.0379,0.826,0.2395,0.2692,0.56,0.3006,0.3447
siamgcn,147-5,test,112934,0.018,0.6835,0.0703,0.266,0.94,0.4148,0.4098
siamgcn,148-2,test,67936,0.0009,0.9676,0.0068,0.0396,0.8,0.0396,0.0396
siamgcn,148-3,test,82277,0.0007,0.969,0.0046,0.036,0.82,0.036,0.036
siamgcn,148-4,test,85006,0.0132,0.9458,0.0867,0.4567,0.88,0.4567,0.4567
siamgcn,148-5,test,77488,0.0194,0.8856,0.0936,0.4158,0.88,0.4158,0.4158
siamgcn,151-2,test,122036,0.0195,0.9814,0.183,0.4914,0.8,0.4925,0.4925
siamgcn,151-3,test,128829,0.0007,0.9651,0.0064,0.0269,0.82,0.0395,0.0395
siamgcn,151-4,test,128972,0.0028,0.9638,0.0238,0.3873,0.96,0.8625,0.8625
siamgcn,151-5,test,136546,0.02,0.9844,0.1809,0.5553,0.76,0.5875,0.6226
siamgcn,152-2,test,101059,0.0056,0.6818,0.0,0.0326,0.22,0.0346,0.0346
siamgcn,152-3,test,104503,0.0072,0.6735,0.0,0.0306,0.3,0.0365,0.0407
siamgcn,152-4,test,96662,0.0176,0.7153,0.0633,0.078,0.38,0.0945,0.103
siamgcn,152-5,test,104491,0.0265,0.7207,0.0597,0.1198,0.32,0.1178,0.1122
siamgcn,153-4,test,75291,0.01,0.5284,0.0009,0.0315,0.12,0.0354,0.0357
siamgcn,153-5,test,90440,0.0345,0.6181,0.0354,0.1175,0.2,0.2339,0.2185
siamgcn,154-2,val,121454,0.0017,0.7683,0.0003,0.0113,0.28,0.2012,0.2012
siamgcn,154-3,val,149699,0.0015,0.9328,0.0208,0.0277,0.64,0.0415,0.0415
siamgcn,154-4,val,121666,0.0144,0.8745,0.0754,0.1336,0.44,0.3738,0.3738
siamgcn,154-5,val,155796,0.0107,0.9468,0.1244,0.2039,0.66,0.1736,0.1535
siamgcn,172-2,val,52535,0.0,nan,0.0,0.0,0.5,0.0,nan
siamgcn,172-3,val,64673,0.0181,0.8569,0.1224,0.4306,0.74,0.486,0.4694
siamgcn,172-4,val,66296,0.0614,0.9474,0.5196,0.5346,0.46,0.5081,0.4625
siamgcn,172-5,val,64764,0.0731,0.937,0.4614,0.7045,0.8,0.704,0.6782
siamgcn,175-2,test,64969,0.0062,0.6812,0.0,0.0295,0.24,0.0305,0.0305
siamgcn,175-3,test,73915,0.0079,0.9979,0.1242,0.7737,0.94,0.7737,0.7737
siamgcn,175-4,test,75080,0.0441,0.978,0.3461,0.7183,0.78,0.7183,0.7183
siamgcn,177-2,test,31647,0.0018,0.64,0.0,0.0095,0.12,0.0095,0.0095
siamgcn,177-3,test,36990,0.0057,0.7657,0.0562,0.1907,0.76,0.1907,0.1907
siamgcn,177-4,test,38872,0.0042,0.8634,0.0,0.0414,0.42,0.0414,0.0414
siamgcn,177-5,test,43632,0.0079,0.9742,0.0798,0.4177,0.96,0.4177,0.4177
siamgcn,178-2,val,94207,0.0147,0.3621,0.0072,0.0275,0.36,0.0251,0.0298
siamgcn,178-3,val,94285,0.0039,0.7847,0.026,0.0383,0.56,0.145,0.145
siamgcn,178-4,val,90476,0.0235,0.9103,0.2437,0.2784,0.74,0.3693,0.2877
siamgcn,178-5,val,91002,0.0414,0.8624,0.311,0.3325,0.48,0.2653,0.2386
siamgcn,183-2,val,64107,0.0006,0.9815,0.0075,0.0478,0.7,0.0547,0.0547
siamgcn,183-3,val,81072,0.0142,0.9335,0.1764,0.3271,0.44,0.5685,0.5685
siamgcn,183-4,val,70055,0.0169,0.9353,0.2828,0.3274,0.52,0.3391,0.3391
siamgcn,183-5,val,79649,0.0223,0.9668,0.2639,0.491,0.62,0.2695,0.2518
siamgcn,187-2,val,75403,0.0155,0.7647,0.0864,0.0918,0.52,0.116,0.1338
siamgcn,187-3,val,76320,0.0061,0.9548,0.1533,0.5871,0.8,0.5871,0.5871
siamgcn,187-4,val,64839,0.0212,0.753,0.0,0.1027,0.18,0.119,0.119
siamgcn,187-5,val,80597,0.0186,0.8076,0.199,0.249,0.62,0.0667,0.1445
siamgcn,189-2,val,102100,0.0081,0.5285,0.0,0.0179,0.02,0.056,0.056
siamgcn,189-3,val,104340,0.005,0.7567,0.0432,0.0432,0.5,0.2177,0.2177
siamgcn,189-4,val,98152,0.0077,0.9263,0.1204,0.2733,0.82,0.0336,0.1419
siamgcn,189-5,val,113111,0.0176,0.7521,0.175,0.1959,0.68,0.1215,0.2679
siamgcn,190-2,test,228897,0.0059,0.3881,0.0,0.0219,0.38,0.06,0.0315
siamgcn,190-3,test,219197,0.0141,0.8094,0.1244,0.6046,0.8,0.8968,0.89
siamgcn,190-4,test,258749,0.2217,0.8036,0.4194,0.5464,0.1,0.8769,0.6384
siamgcn,190-5,test,230686,0.2322,0.8307,0.4739,0.5892,0.1,0.8337,0.4942
siamgcn,191-2,test,95762,0.003,0.9242,0.029,0.0593,0.7,0.0593,0.0593
siamgcn,191-3,test,108006,0.001,0.7115,0.0,0.0064,0.32,0.0064,0.0064
siamgcn,191-4,test,103067,0.011,0.9801,0.1098,0.5941,0.86,0.5941,0.5941
siamgcn,191-5,test,119644,0.005,0.9206,0.0434,0.108,0.9,0.147,0.147
siamgcn,196-2,test,70429,0.0,nan,0.0,0.0,0.5,0.0,nan
siamgcn,196-3,test,82246,0.0269,0.9711,0.2237,0.5837,0.92,0.6296,0.6296
siamgcn,196-4,test,79011,0.0388,0.976,0.3679,0.5911,0.72,0.7009,0.7009
siamgcn,196-5,test,103000,0.0617,0.9604,0.4243,0.6202,0.7,0.7321,0.7321
siamgcn,197-2,test,103902,0.0003,0.991,0.0051,0.0966,0.8,0.0966,0.0966
siamgcn,197-3,test,98673,0.0027,0.9967,0.0295,0.696,0.98,0.696,0.696
siamgcn,197-4,test,96762,0.0104,0.9643,0.1394,0.4622,0.92,0.4622,0.4622
siamgcn,197-5,test,122383,0.0139,0.9565,0.1697,0.3322,0.86,0.3886,0.3886
siamgcn,198-3,test,145104,0.0729,0.8963,0.3346,0.5648,0.74,0.741,0.7735
siamgcn,198-4,test,164533,0.1131,0.8951,0.5598,0.6545,0.62,0.6143,0.5507
siamgcn,198-5,test,158470,0.1394,0.9472,0.6641,0.7008,0.54,0.7564,0.7549
siamgcn,202-2,val,110347,0.0129,0.6695,0.0102,0.0555,0.26,0.0764,0.0764
siamgcn,202-3,val,104028,0.0021,0.8515,0.0123,0.0207,0.76,0.0233,0.0233
siamgcn,202-4,val,109424,0.0684,0.8745,0.3331,0.374,0.66,0.3819,0.3819
siamgcn,202-5,val,94786,0.0817,0.8953,0.4642,0.4645,0.52,0.4107,0.3506
siamgcn,211-2,val,93055,0.0024,0.6491,0.0,0.0118,0.16,0.012,0.0149
siamgcn,211-3,val,85773,0.0,nan,0.0,0.0,0.5,0.0,nan
siamgcn,211-4,val,87637,0.0033,0.8219,0.0141,0.0231,0.38,0.1145,0.1145
siamgcn,211-5,val,94849,0.0056,0.7247,0.0205,0.1071,0.66,0.0221,0.1123
siamgcn,212-2,test,105349,0.0116,0.7706,0.0563,0.066,0.58,0.0746,0.0951
siamgcn,212-3,test,95165,0.0008,0.9702,0.0147,0.0348,0.62,0.2015,0.2015
siamgcn,212-4,test,106672,0.0024,0.6945,0.0021,0.0128,0.12,0.0233,0.0233
siamgcn,212-5,test,107577,0.0137,0.761,0.0567,0.0643,0.28,0.0637,0.0835
siamgcn,216-2,test,64436,0.0025,0.7523,0.0,0.0152,0.22,0.0155,0.0155
siamgcn,216-3,test,61493,0.0021,0.7943,0.012,0.0172,0.46,0.0172,0.0172
siamgcn,216-4,test,65652,0.0011,0.7398,0.0,0.007,0.2,0.0071,0.0071
siamgcn,216-5,test,66564,0.0033,0.8479,0.0387,0.1774,0.66,0.1774,0.1774
siamgcn,218-2,test,102100,0.0013,0.5931,0.0,0.0052,0.02,0.0167,0.0167
siamgcn,218-3,test,104340,0.0045,0.7888,0.0111,0.0242,0.08,0.2395,0.2395
siamgcn,218-4,test,98152,0.0084,0.9273,0.1618,0.2421,0.72,0.0324,0.1275
siamgcn,218-5,test,113112,0.0137,0.8077,0.2055,0.2785,0.74,0.1003,0.3038
siamgcn,220-2,val,68027,0.0,nan,0.0,0.0,0.5,0.0,nan
siamgcn,220-3,val,63876,0.0134,0.8882,0.0854,0.4263,0.88,0.4263,0.4263
siamgcn,220-4,val,79747,0.0619,0.7925,0.2289,0.3946,0.72,0.5205,0.5681
siamgcn,220-5,val,80416,0.0768,0.7944,0.2937,0.3851,0.68,0.4664,0.6067
siamgcn,221-2,test,111301,0.0005,0.8576,0.0,0.0053,0.22,0.0107,0.0107
siamgcn,221-3,test,125072,0.0019,0.9633,0.196,0.2652,0.52,0.2704,0.2704
siamgcn,221-4,test,114725,0.0066,0.8886,0.1213,0.1497,0.58,0.1698,0.1698
siamgcn,221-5,test,132061,0.009,0.9117,0.2521,0.2897,0.6,0.3153,0.3933
siamgcn,222-2,test,126364,0.0012,0.6766,0.0,0.0065,0.14,0.0115,0.0115
siamgcn,222-3,test,123892,0.0015,0.9419,0.035,0.1321,0.72,0.5021,0.5021
siamgcn,222-4,test,140447,0.0075,0.9294,0.0902,0.6699,0.96,0.0984,0.4796
siamgcn,222-5,test,143030,0.0059,0.9982,0.1,0.8461,0.98,0.8386,0.7749
siamgcn,227-2,test,44010,0.0207,0.285,0.0,0.0416,0.02,0.0425,0.0425
siamgcn,227-3,test,59217,0.0659,0.7433,0.2004,0.4724,0.9,0.537,0.5375
siamgcn,227-4,test,73766,0.0917,0.9491,0.5192,0.6235,0.72,0.6463,0.7746
siamgcn,227-5,test,75512,0.1399,0.8786,0.5311,0.5743,0.72,0.5954,0.5917
siamgcn,POOLED,val,7763592,0.0154,0.8385,0.1135,0.2514,0.86,,
siamgcn,POOLED,test,19245754,0.0285,0.8597,0.2103,0.3122,0.8,,
