dataset,model,method,val_mean_iou,val_pool_iou,val_mean_f1,test_mean_iou,test_pool_iou,test_mean_f1
urb3dcd_v2_ld,icp_euclidean,fixed_05,0.6121,0.6112,0.7593,0.579,0.5874,0.7318
urb3dcd_v2_ld,icp_euclidean,f1_optimal,0.6128,0.6115,0.7598,0.5807,0.5889,0.7332
urb3dcd_v2_ld,icp_euclidean,temperature_scaling,0.6129,0.6116,0.7599,0.5808,0.589,0.7333
urb3dcd_v2_ld,icp_euclidean,platt,0.4951,0.4875,0.6587,0.5161,0.5134,0.6807
urb3dcd_v2_ld,icp_euclidean,isotonic,0.6019,0.5988,0.751,0.5767,0.5828,0.7309
urb3dcd_v2_ld,icp_euclidean,quantile_shrink,0.613,0.6117,0.76,0.5807,0.5889,0.7332
urb3dcd_v2_ld,icp_euclidean,otsu_cube,0.6024,0.6009,0.7517,0.5801,0.5877,0.7332
urb3dcd_v2_ld,siamese_kpconv,fixed_05,0.5936,0.594,0.745,0.5597,0.5688,0.7165
urb3dcd_v2_ld,siamese_kpconv,f1_optimal,0.6419,0.6416,0.7819,0.6098,0.6148,0.7574
urb3dcd_v2_ld,siamese_kpconv,temperature_scaling,0.6418,0.6415,0.7818,0.6098,0.6148,0.7574
urb3dcd_v2_ld,siamese_kpconv,platt,0.6379,0.6373,0.7789,0.6045,0.6083,0.7534
urb3dcd_v2_ld,siamese_kpconv,isotonic,0.6327,0.632,0.775,0.5982,0.6014,0.7485
urb3dcd_v2_ld,siamese_kpconv,quantile_shrink,0.6629,0.6615,0.7972,0.6156,0.6221,0.7618
urb3dcd_v2_ld,siamese_kpconv,otsu_cube,0.5797,0.5808,0.7338,0.5392,0.5489,0.6989
urb3dcd_v2_ld,siamese_pointnet,fixed_05,0.5545,0.5494,0.7122,0.5506,0.5525,0.7101
urb3dcd_v2_ld,siamese_pointnet,f1_optimal,0.595,0.5913,0.7456,0.565,0.5709,0.7215
urb3dcd_v2_ld,siamese_pointnet,temperature_scaling,0.5949,0.5913,0.7456,0.5628,0.5689,0.7195
urb3dcd_v2_ld,siamese_pointnet,platt,0.5372,0.5318,0.6974,0.5403,0.5404,0.7015
urb3dcd_v2_ld,siamese_pointnet,isotonic,0.5858,0.5815,0.7381,0.5648,0.5694,0.7216
urb3dcd_v2_ld,siamese_pointnet,quantile_shrink,0.6104,0.6075,0.7576,0.5716,0.5778,0.7268
urb3dcd_v2_ld,siamese_pointnet,otsu_cube,0.5641,0.5584,0.7198,0.563,0.5639,0.7204
urb3dcd_v2_ld,siamese_pointnet2,fixed_05,0.6769,0.6763,0.8073,0.6373,0.6416,0.7783
urb3dcd_v2_ld,siamese_pointnet2,f1_optimal,0.6942,0.6931,0.8195,0.6476,0.649,0.7861
urb3dcd_v2_ld,siamese_pointnet2,temperature_scaling,0.6943,0.6932,0.8195,0.6474,0.6487,0.786
urb3dcd_v2_ld,siamese_pointnet2,platt,0.6894,0.6883,0.8161,0.6383,0.6375,0.7792
urb3dcd_v2_ld,siamese_pointnet2,isotonic,0.6886,0.6875,0.8156,0.6364,0.6352,0.7778
urb3dcd_v2_ld,siamese_pointnet2,quantile_shrink,0.6945,0.6933,0.8196,0.6481,0.6496,0.7864
urb3dcd_v2_ld,siamese_pointnet2,otsu_cube,0.6661,0.6658,0.7996,0.6228,0.6279,0.7673
urb3dcd_v2_ld,siamgcn,fixed_05,0.7229,0.7204,0.839,0.7195,0.7233,0.8367
urb3dcd_v2_ld,siamgcn,f1_optimal,0.727,0.7241,0.8417,0.7291,0.7314,0.8433
urb3dcd_v2_ld,siamgcn,temperature_scaling,0.7268,0.7239,0.8416,0.7294,0.7316,0.8435
urb3dcd_v2_ld,siamgcn,platt,0.7252,0.7223,0.8405,0.7301,0.7317,0.844
urb3dcd_v2_ld,siamgcn,isotonic,0.7218,0.7188,0.8382,0.7287,0.7297,0.8431
urb3dcd_v2_ld,siamgcn,quantile_shrink,0.727,0.7241,0.8417,0.7291,0.7314,0.8433
urb3dcd_v2_ld,siamgcn,otsu_cube,0.7189,0.7166,0.8363,0.7133,0.7177,0.8325
urb3dcd_v2_ms,icp_euclidean,fixed_05,0.3246,0.3251,0.4899,0.2972,0.3,0.4541
urb3dcd_v2_ms,icp_euclidean,f1_optimal,0.5851,0.5825,0.7379,0.5603,0.5666,0.7175
urb3dcd_v2_ms,icp_euclidean,temperature_scaling,0.5853,0.5826,0.738,0.56,0.5664,0.7173
urb3dcd_v2_ms,icp_euclidean,platt,0.4798,0.4724,0.6448,0.4975,0.4957,0.6643
urb3dcd_v2_ms,icp_euclidean,isotonic,0.5783,0.5751,0.7323,0.5617,0.5667,0.7189
urb3dcd_v2_ms,icp_euclidean,quantile_shrink,0.5853,0.5828,0.7381,0.559,0.5655,0.7164
urb3dcd_v2_ms,icp_euclidean,otsu_cube,0.4127,0.4131,0.5841,0.3849,0.3902,0.5523
urb3dcd_v2_ms,randla,fixed_05,0.6722,0.671,0.8039,0.6605,0.6619,0.7955
urb3dcd_v2_ms,randla,f1_optimal,0.6933,0.6912,0.8187,0.6739,0.6719,0.8052
urb3dcd_v2_ms,randla,temperature_scaling,0.6932,0.6912,0.8187,0.6751,0.6734,0.806
urb3dcd_v2_ms,randla,platt,0.6867,0.6842,0.8141,0.6644,0.6613,0.7983
urb3dcd_v2_ms,randla,isotonic,0.6905,0.6881,0.8167,0.6684,0.6657,0.8012
urb3dcd_v2_ms,randla,quantile_shrink,0.6937,0.6916,0.819,0.6753,0.6736,0.8062
urb3dcd_v2_ms,randla,otsu_cube,0.658,0.6573,0.7937,0.645,0.6479,0.7841
urb3dcd_v2_ms,siamese_kpconv,fixed_05,0.2323,0.2323,0.3765,0.211,0.2122,0.3451
urb3dcd_v2_ms,siamese_kpconv,f1_optimal,0.525,0.5268,0.6883,0.5179,0.522,0.6822
urb3dcd_v2_ms,siamese_kpconv,temperature_scaling,0.5073,0.5082,0.6731,0.5217,0.5281,0.6852
urb3dcd_v2_ms,siamese_kpconv,platt,0.4913,0.4936,0.6586,0.4609,0.4639,0.6309
urb3dcd_v2_ms,siamese_kpconv,isotonic,0.5034,0.5056,0.6695,0.4798,0.4831,0.6483
urb3dcd_v2_ms,siamese_kpconv,quantile_shrink,0.5303,0.5317,0.693,0.5316,0.5369,0.6939
urb3dcd_v2_ms,siamese_kpconv,otsu_cube,0.2643,0.2645,0.4177,0.2456,0.2473,0.3904
urb3dcd_v2_ms,siamese_pointnet,fixed_05,0.1907,0.1906,0.3199,0.1755,0.175,0.2953
urb3dcd_v2_ms,siamese_pointnet,f1_optimal,0.1958,0.1957,0.3271,0.1805,0.1799,0.3028
urb3dcd_v2_ms,siamese_pointnet,temperature_scaling,0.1926,0.1926,0.3229,0.1797,0.1792,0.3012
urb3dcd_v2_ms,siamese_pointnet,platt,0.0,0.0,0.0,0.0154,0.0139,0.0296
urb3dcd_v2_ms,siamese_pointnet,isotonic,0.102,0.0928,0.17,0.1378,0.1366,0.2411
urb3dcd_v2_ms,siamese_pointnet,quantile_shrink,0.1958,0.1957,0.3271,0.1805,0.1799,0.3028
urb3dcd_v2_ms,siamese_pointnet,otsu_cube,0.2031,0.2024,0.337,0.1791,0.1791,0.3017
urb3dcd_v2_ms,siamese_pointnet2,fixed_05,0.564,0.5628,0.7212,0.5076,0.5062,0.6734
urb3dcd_v2_ms,siamese_pointnet2,f1_optimal,0.5698,0.5695,0.7259,0.5161,0.5175,0.6808
urb3dcd_v2_ms,siamese_pointnet2,temperature_scaling,0.5698,0.5691,0.7259,0.5156,0.5163,0.6804
urb3dcd_v2_ms,siamese_pointnet2,platt,0.5576,0.556,0.7159,0.5003,0.4977,0.6669
urb3dcd_v2_ms,siamese_pointnet2,isotonic,0.5539,0.5521,0.7127,0.496,0.4929,0.663
urb3dcd_v2_ms,siamese_pointnet2,quantile_shrink,0.57,0.5697,0.7261,0.5164,0.5178,0.6811
urb3dcd_v2_ms,siamese_pointnet2,otsu_cube,0.5685,0.5678,0.7248,0.5101,0.5108,0.6756
urb3dcd_v2_ms,siamgcn,fixed_05,0.3224,0.3171,0.4848,0.2623,0.2649,0.4145
urb3dcd_v2_ms,siamgcn,f1_optimal,0.325,0.3206,0.4887,0.2551,0.2576,0.4051
urb3dcd_v2_ms,siamgcn,temperature_scaling,0.325,0.3206,0.4886,0.2554,0.2579,0.4055
urb3dcd_v2_ms,siamgcn,platt,0.2374,0.2276,0.3723,0.2411,0.2401,0.3877
urb3dcd_v2_ms,siamgcn,isotonic,0.2598,0.2508,0.4035,0.2539,0.2542,0.4045
urb3dcd_v2_ms,siamgcn,quantile_shrink,0.3263,0.322,0.4899,0.2734,0.276,0.4284
urb3dcd_v2_ms,siamgcn,otsu_cube,0.3126,0.309,0.4747,0.2607,0.2632,0.4125
hkcd,icp_euclidean,fixed_05,0.403,0.403,0.5745,0.1889,0.1978,0.3161
hkcd,icp_euclidean,f1_optimal,0.5993,0.5993,0.7494,0.426,0.4573,0.5884
hkcd,icp_euclidean,temperature_scaling,0.6257,0.6257,0.7698,0.4844,0.5395,0.6354
hkcd,icp_euclidean,platt,0.6186,0.6186,0.7644,0.4693,0.5377,0.6146
hkcd,icp_euclidean,isotonic,0.6194,0.6194,0.7649,0.4706,0.5383,0.6161
hkcd,icp_euclidean,quantile_shrink,0.6261,0.6261,0.7701,0.4804,0.536,0.6316
hkcd,icp_euclidean,otsu_cube,0.4457,0.4457,0.6166,0.2188,0.2297,0.3571
hkcd,randla,fixed_05,0.6506,0.6506,0.7883,0.4652,0.5149,0.6103
hkcd,randla,f1_optimal,0.6522,0.6522,0.7895,0.4708,0.5249,0.6152
hkcd,randla,temperature_scaling,0.6523,0.6523,0.7895,0.4724,0.5277,0.6168
hkcd,randla,platt,0.6375,0.6375,0.7786,0.475,0.5433,0.6186
hkcd,randla,isotonic,0.6427,0.6427,0.7825,0.4765,0.5423,0.6201
hkcd,randla,quantile_shrink,0.6522,0.6522,0.7895,0.4708,0.5248,0.6153
hkcd,randla,otsu_cube,0.5503,0.5503,0.7099,0.3535,0.3787,0.5095
hkcd,siamese_kpconv,fixed_05,0.1933,0.1933,0.324,0.1301,0.1399,0.2281
hkcd,siamese_kpconv,f1_optimal,0.2255,0.2255,0.368,0.1269,0.138,0.2234
hkcd,siamese_kpconv,temperature_scaling,0.2815,0.2815,0.4393,0.1094,0.1156,0.1967
hkcd,siamese_kpconv,platt,0.0017,0.0017,0.0033,0.0586,0.0383,0.1051
hkcd,siamese_kpconv,isotonic,0.0,0.0,0.0,0.0,0.0,0.0
hkcd,siamese_kpconv,quantile_shrink,0.28,0.28,0.4375,0.1069,0.1127,0.1927
hkcd,siamese_kpconv,otsu_cube,0.2003,0.2003,0.3337,0.1277,0.1364,0.2249
hkcd,siamese_pointnet,fixed_05,0.5727,0.5727,0.7283,0.3461,0.3333,0.47
hkcd,siamese_pointnet,f1_optimal,0.5727,0.5727,0.7283,0.3461,0.3333,0.47
hkcd,siamese_pointnet,temperature_scaling,0.5727,0.5727,0.7283,0.3461,0.3333,0.47
hkcd,siamese_pointnet,platt,0.5312,0.5312,0.6939,0.3351,0.3981,0.4538
hkcd,siamese_pointnet,isotonic,0.5646,0.5646,0.7218,0.3491,0.3695,0.4733
hkcd,siamese_pointnet,quantile_shrink,0.5745,0.5745,0.7298,0.3435,0.3404,0.4693
hkcd,siamese_pointnet,otsu_cube,0.3066,0.3066,0.4693,0.1609,0.1742,0.2733
hkcd,siamese_pointnet2,fixed_05,0.6075,0.6075,0.7558,0.4803,0.5226,0.6341
hkcd,siamese_pointnet2,f1_optimal,0.6158,0.6158,0.7622,0.5005,0.5504,0.6514
hkcd,siamese_pointnet2,temperature_scaling,0.6156,0.6156,0.7621,0.4993,0.5487,0.6504
hkcd,siamese_pointnet2,platt,0.6056,0.6056,0.7544,0.4984,0.5596,0.6469
hkcd,siamese_pointnet2,isotonic,0.601,0.601,0.7508,0.4925,0.5565,0.6406
hkcd,siamese_pointnet2,quantile_shrink,0.6158,0.6158,0.7622,0.5003,0.5501,0.6512
hkcd,siamese_pointnet2,otsu_cube,0.55,0.55,0.7097,0.3862,0.4157,0.5485
hkcd,siamgcn,fixed_05,0.6013,0.6013,0.751,0.339,0.3393,0.4829
hkcd,siamgcn,f1_optimal,0.6441,0.6441,0.7835,0.4446,0.4671,0.586
hkcd,siamgcn,temperature_scaling,0.6439,0.6439,0.7834,0.4481,0.4731,0.5898
hkcd,siamgcn,platt,0.639,0.639,0.7798,0.4671,0.51,0.6107
hkcd,siamgcn,isotonic,0.6377,0.6377,0.7788,0.4689,0.5148,0.613
hkcd,siamgcn,quantile_shrink,0.6495,0.6495,0.7875,0.4614,0.5,0.6071
hkcd,siamgcn,otsu_cube,0.5265,0.5265,0.6898,0.2688,0.2809,0.4133
indoorcd,randla,fixed_05,0.0928,0.1189,0.1522,0.1282,0.2011,0.2043
indoorcd,randla,f1_optimal,0.1122,0.1717,0.1754,0.158,0.2508,0.2381
indoorcd,randla,temperature_scaling,0.1126,0.174,0.1755,0.1588,0.2521,0.2385
indoorcd,randla,platt,0.0193,0.0461,0.033,0.0463,0.0737,0.0727
indoorcd,randla,isotonic,0.0436,0.0934,0.07,0.0741,0.1224,0.1139
indoorcd,randla,quantile_shrink,0.1237,0.1846,0.1902,0.1586,0.2405,0.2403
indoorcd,randla,otsu_cube,0.0827,0.0931,0.1383,0.108,0.1616,0.1756
indoorcd,siamese_kpconv,fixed_05,0.0271,0.0216,0.0503,0.0389,0.0443,0.0676
indoorcd,siamese_kpconv,f1_optimal,0.0533,0.0302,0.0908,0.0661,0.0645,0.1101
indoorcd,siamese_kpconv,temperature_scaling,0.0421,0.02,0.0695,0.0501,0.0484,0.0838
indoorcd,siamese_kpconv,platt,0.0,0.0,0.0,0.0,0.0,0.0
indoorcd,siamese_kpconv,isotonic,0.0,0.0,0.0,0.0,0.0,0.0
indoorcd,siamese_kpconv,quantile_shrink,0.0533,0.0302,0.0908,0.0661,0.0644,0.1101
indoorcd,siamese_kpconv,otsu_cube,0.0287,0.0225,0.0529,0.0366,0.0404,0.0652
indoorcd,siamese_pointnet,fixed_05,0.0396,0.0358,0.0709,0.0576,0.0711,0.0952
indoorcd,siamese_pointnet,f1_optimal,0.0774,0.0776,0.1228,0.1076,0.175,0.166
indoorcd,siamese_pointnet,temperature_scaling,0.0772,0.0777,0.1223,0.1077,0.176,0.1661
indoorcd,siamese_pointnet,platt,0.0008,0.0026,0.0016,0.0081,0.0123,0.0139
indoorcd,siamese_pointnet,isotonic,0.0,0.0,0.0,0.0,0.0,0.0
indoorcd,siamese_pointnet,quantile_shrink,0.085,0.0878,0.1306,0.0994,0.1703,0.155
indoorcd,siamese_pointnet,otsu_cube,0.0302,0.0261,0.0554,0.0438,0.0503,0.0751
indoorcd,siamese_pointnet2,fixed_05,0.0975,0.0977,0.1594,0.1232,0.1724,0.1944
indoorcd,siamese_pointnet2,f1_optimal,0.146,0.2383,0.2185,0.1563,0.2547,0.2359
indoorcd,siamese_pointnet2,temperature_scaling,0.1459,0.2381,0.2184,0.1562,0.2548,0.2358
indoorcd,siamese_pointnet2,platt,0.0608,0.1233,0.0936,0.0686,0.086,0.0997
indoorcd,siamese_pointnet2,isotonic,0.0797,0.1524,0.1194,0.0802,0.1112,0.1181
indoorcd,siamese_pointnet2,quantile_shrink,0.1515,0.2511,0.2245,0.1588,0.2528,0.2369
indoorcd,siamese_pointnet2,otsu_cube,0.0669,0.056,0.1151,0.0806,0.0997,0.1343
indoorcd,siamgcn,fixed_05,0.0625,0.0602,0.106,0.081,0.1175,0.1321
indoorcd,siamgcn,f1_optimal,0.0851,0.1279,0.133,0.1185,0.1831,0.1816
indoorcd,siamgcn,temperature_scaling,0.0851,0.1296,0.1328,0.1186,0.1837,0.1819
indoorcd,siamgcn,platt,0.0125,0.0265,0.0195,0.0332,0.0538,0.0556
indoorcd,siamgcn,isotonic,0.0077,0.016,0.0128,0.021,0.0378,0.0355
indoorcd,siamgcn,quantile_shrink,0.0863,0.1312,0.1345,0.1196,0.1804,0.1839
indoorcd,siamgcn,otsu_cube,0.0331,0.0288,0.0601,0.0475,0.0558,0.0816
